date,value
2019-07-01 00:00:00,
2019-07-01 00:15:00,
2019-07-01 00:30:00,
2019-07-01 00:45:00,
2019-07-01 01:00:00,
2019-07-01 01:15:00,
2019-07-01 01:30:00,
2019-07-01 01:45:00,
2019-07-01 02:00:00,
2019-07-01 02:15:00,
2019-07-01 02:30:00,
2019-07-01 02:45:00,
2019-07-01 03:00:00,
2019-07-01 03:15:00,
2019-07-01 03:30:00,
2019-07-01 03:45:00,
2019-07-01 04:00:00,
2019-07-01 04:15:00,
2019-07-01 04:30:00,
2019-07-01 04:45:00,
2019-07-01 05:00:00,0.0
2019-07-01 05:15:00,0.0
2019-07-01 05:30:00,6.0
2019-07-01 05:45:00,16.0
2019-07-01 06:00:00,32.0
2019-07-01 06:15:00,58.0
2019-07-01 06:30:00,103.0
2019-07-01 06:45:00,177.0
2019-07-01 07:00:00,281.0
2019-07-01 07:15:00,446.0
2019-07-01 07:30:00,607.0
2019-07-01 07:45:00,731.0
2019-07-01 08:00:00,834.0
2019-07-01 08:15:00,934.0
2019-07-01 08:30:00,1021.0
2019-07-01 08:45:00,1150.0
2019-07-01 09:00:00,1235.0
2019-07-01 09:15:00,1338.0
2019-07-01 09:30:00,1423.0
2019-07-01 09:45:00,1514.0
2019-07-01 10:00:00,1600.0
2019-07-01 10:15:00,1647.0
2019-07-01 10:30:00,1720.0
2019-07-01 10:45:00,1761.0
2019-07-01 11:00:00,1834.0
2019-07-01 11:15:00,1858.0
2019-07-01 11:30:00,1886.0
2019-07-01 11:45:00,1895.0
2019-07-01 12:00:00,1903.0
2019-07-01 12:15:00,1829.0
2019-07-01 12:30:00,1909.0
2019-07-01 12:45:00,1543.0
2019-07-01 13:00:00,1918.0
2019-07-01 13:15:00,1897.0
2019-07-01 13:30:00,1869.0
2019-07-01 13:45:00,1838.0
2019-07-01 14:00:00,1811.0
2019-07-01 14:15:00,1764.0
2019-07-01 14:30:00,1734.0
2019-07-01 14:45:00,1703.0
2019-07-01 15:00:00,1640.0
2019-07-01 15:15:00,1573.0
2019-07-01 15:30:00,1484.0
2019-07-01 15:45:00,1407.0
2019-07-01 16:00:00,1319.0
2019-07-01 16:15:00,1217.0
2019-07-01 16:30:00,1124.0
2019-07-01 16:45:00,1016.0
2019-07-01 17:00:00,880.0
2019-07-01 17:15:00,753.0
2019-07-01 17:30:00,654.0
2019-07-01 17:45:00,553.0
2019-07-01 18:00:00,442.0
2019-07-01 18:15:00,329.0
2019-07-01 18:30:00,168.0
2019-07-01 18:45:00,74.0
2019-07-01 19:00:00,37.0
2019-07-01 19:15:00,19.0
2019-07-01 19:30:00,6.0
2019-07-01 19:45:00,0.0
2019-07-01 20:00:00,0.0
2019-07-01 20:15:00,
2019-07-01 20:30:00,
2019-07-01 20:45:00,
2019-07-01 21:00:00,
2019-07-01 21:15:00,
2019-07-01 21:30:00,
2019-07-01 21:45:00,0.0
2019-07-01 22:00:00,
2019-07-01 22:15:00,
2019-07-01 22:30:00,
2019-07-01 22:45:00,
2019-07-01 23:00:00,
2019-07-01 23:15:00,
2019-07-01 23:30:00,
2019-07-01 23:45:00,
2019-07-02 00:00:00,
2019-07-02 00:15:00,
2019-07-02 00:30:00,
2019-07-02 00:45:00,
2019-07-02 01:00:00,
2019-07-02 01:15:00,
2019-07-02 01:30:00,
2019-07-02 01:45:00,
2019-07-02 02:00:00,
2019-07-02 02:15:00,
2019-07-02 02:30:00,
2019-07-02 02:45:00,
2019-07-02 03:00:00,
2019-07-02 03:15:00,
2019-07-02 03:30:00,
2019-07-02 03:45:00,
2019-07-02 04:00:00,
2019-07-02 04:15:00,
2019-07-02 04:30:00,
2019-07-02 04:45:00,
2019-07-02 05:00:00,0.0
2019-07-02 05:15:00,0.0
2019-07-02 05:30:00,5.0
2019-07-02 05:45:00,16.0
2019-07-02 06:00:00,32.0
2019-07-02 06:15:00,59.0
2019-07-02 06:30:00,105.0
2019-07-02 06:45:00,181.0
2019-07-02 07:00:00,285.0
2019-07-02 07:15:00,442.0
2019-07-02 07:30:00,615.0
2019-07-02 07:45:00,744.0
2019-07-02 08:00:00,854.0
2019-07-02 08:15:00,959.0
2019-07-02 08:30:00,1049.0
2019-07-02 08:45:00,1182.0
2019-07-02 09:00:00,1260.0
2019-07-02 09:15:00,1361.0
2019-07-02 09:30:00,1449.0
2019-07-02 09:45:00,1524.0
2019-07-02 10:00:00,1621.0
2019-07-02 10:15:00,1695.0
2019-07-02 10:30:00,1737.0
2019-07-02 10:45:00,1801.0
2019-07-02 11:00:00,1845.0
2019-07-02 11:15:00,1867.0
2019-07-02 11:30:00,1884.0
2019-07-02 11:45:00,1902.0
2019-07-02 12:00:00,1906.0
2019-07-02 12:15:00,1933.0
2019-07-02 12:30:00,1942.0
2019-07-02 12:45:00,1930.0
2019-07-02 13:00:00,1918.0
2019-07-02 13:15:00,1884.0
2019-07-02 13:30:00,1845.0
2019-07-02 13:45:00,1825.0
2019-07-02 14:00:00,1782.0
2019-07-02 14:15:00,1728.0
2019-07-02 14:30:00,1710.0
2019-07-02 14:45:00,1665.0
2019-07-02 15:00:00,1501.0
2019-07-02 15:15:00,1594.0
2019-07-02 15:30:00,1496.0
2019-07-02 15:45:00,1376.0
2019-07-02 16:00:00,1313.0
2019-07-02 16:15:00,1212.0
2019-07-02 16:30:00,1105.0
2019-07-02 16:45:00,1007.0
2019-07-02 17:00:00,881.0
2019-07-02 17:15:00,767.0
2019-07-02 17:30:00,617.0
2019-07-02 17:45:00,402.0
2019-07-02 18:00:00,262.0
2019-07-02 18:15:00,179.0
2019-07-02 18:30:00,177.0
2019-07-02 18:45:00,154.0
2019-07-02 19:00:00,108.0
2019-07-02 19:15:00,53.0
2019-07-02 19:30:00,14.0
2019-07-02 19:45:00,1.0
2019-07-02 20:00:00,0.0
2019-07-02 20:15:00,
2019-07-02 20:30:00,
2019-07-02 20:45:00,
2019-07-02 21:00:00,
2019-07-02 21:15:00,
2019-07-02 21:30:00,
2019-07-02 21:45:00,0.0
2019-07-02 22:00:00,
2019-07-02 22:15:00,
2019-07-02 22:30:00,
2019-07-02 22:45:00,
2019-07-02 23:00:00,
2019-07-02 23:15:00,
2019-07-02 23:30:00,
2019-07-02 23:45:00,
2019-07-03 00:00:00,
2019-07-03 00:15:00,
2019-07-03 00:30:00,
2019-07-03 00:45:00,
2019-07-03 01:00:00,
2019-07-03 01:15:00,
2019-07-03 01:30:00,
2019-07-03 01:45:00,
2019-07-03 02:00:00,
2019-07-03 02:15:00,
2019-07-03 02:30:00,
2019-07-03 02:45:00,
2019-07-03 03:00:00,
2019-07-03 03:15:00,
2019-07-03 03:30:00,
2019-07-03 03:45:00,
2019-07-03 04:00:00,
2019-07-03 04:15:00,
2019-07-03 04:30:00,
2019-07-03 04:45:00,
2019-07-03 05:00:00,0.0
2019-07-03 05:15:00,0.0
2019-07-03 05:30:00,5.0
2019-07-03 05:45:00,16.0
2019-07-03 06:00:00,32.0
2019-07-03 06:15:00,60.0
2019-07-03 06:30:00,105.0
2019-07-03 06:45:00,181.0
2019-07-03 07:00:00,287.0
2019-07-03 07:15:00,448.0
2019-07-03 07:30:00,623.0
2019-07-03 07:45:00,754.0
2019-07-03 08:00:00,862.0
2019-07-03 08:15:00,965.0
2019-07-03 08:30:00,1057.0
2019-07-03 08:45:00,1194.0
2019-07-03 09:00:00,1287.0
2019-07-03 09:15:00,1388.0
2019-07-03 09:30:00,1486.0
2019-07-03 09:45:00,1567.0
2019-07-03 10:00:00,1687.0
2019-07-03 10:15:00,1759.0
2019-07-03 10:30:00,1800.0
2019-07-03 10:45:00,1863.0
2019-07-03 11:00:00,1916.0
2019-07-03 11:15:00,1753.0
2019-07-03 11:30:00,1693.0
2019-07-03 11:45:00,1637.0
2019-07-03 12:00:00,1420.0
2019-07-03 12:15:00,1976.0
2019-07-03 12:30:00,1992.0
2019-07-03 12:45:00,1939.0
2019-07-03 13:00:00,1927.0
2019-07-03 13:15:00,1913.0
2019-07-03 13:30:00,1891.0
2019-07-03 13:45:00,1863.0
2019-07-03 14:00:00,1833.0
2019-07-03 14:15:00,1803.0
2019-07-03 14:30:00,1765.0
2019-07-03 14:45:00,1500.0
2019-07-03 15:00:00,1173.0
2019-07-03 15:15:00,1706.0
2019-07-03 15:30:00,1317.0
2019-07-03 15:45:00,858.0
2019-07-03 16:00:00,896.0
2019-07-03 16:15:00,1149.0
2019-07-03 16:30:00,1200.0
2019-07-03 16:45:00,687.0
2019-07-03 17:00:00,419.0
2019-07-03 17:15:00,404.0
2019-07-03 17:30:00,399.0
2019-07-03 17:45:00,475.0
2019-07-03 18:00:00,359.0
2019-07-03 18:15:00,398.0
2019-07-03 18:30:00,182.0
2019-07-03 18:45:00,103.0
2019-07-03 19:00:00,83.0
2019-07-03 19:15:00,72.0
2019-07-03 19:30:00,28.0
2019-07-03 19:45:00,0.0
2019-07-03 20:00:00,0.0
2019-07-03 20:15:00,
2019-07-03 20:30:00,
2019-07-03 20:45:00,
2019-07-03 21:00:00,
2019-07-03 21:15:00,
2019-07-03 21:30:00,
2019-07-03 21:45:00,
2019-07-03 22:00:00,0.0
2019-07-03 22:15:00,
2019-07-03 22:30:00,
2019-07-03 22:45:00,
2019-07-03 23:00:00,
2019-07-03 23:15:00,
2019-07-03 23:30:00,
2019-07-03 23:45:00,
2019-07-04 00:00:00,
2019-07-04 00:15:00,
2019-07-04 00:30:00,
2019-07-04 00:45:00,
2019-07-04 01:00:00,
2019-07-04 01:15:00,
2019-07-04 01:30:00,
2019-07-04 01:45:00,
2019-07-04 02:00:00,
2019-07-04 02:15:00,
2019-07-04 02:30:00,
2019-07-04 02:45:00,
2019-07-04 03:00:00,
2019-07-04 03:15:00,
2019-07-04 03:30:00,
2019-07-04 03:45:00,
2019-07-04 04:00:00,
2019-07-04 04:15:00,
2019-07-04 04:30:00,
2019-07-04 04:45:00,
2019-07-04 05:00:00,0.0
2019-07-04 05:15:00,0.0
2019-07-04 05:30:00,6.0
2019-07-04 05:45:00,17.0
2019-07-04 06:00:00,32.0
2019-07-04 06:15:00,60.0
2019-07-04 06:30:00,105.0
2019-07-04 06:45:00,177.0
2019-07-04 07:00:00,283.0
2019-07-04 07:15:00,450.0
2019-07-04 07:30:00,610.0
2019-07-04 07:45:00,739.0
2019-07-04 08:00:00,851.0
2019-07-04 08:15:00,955.0
2019-07-04 08:30:00,1049.0
2019-07-04 08:45:00,1188.0
2019-07-04 09:00:00,1269.0
2019-07-04 09:15:00,1350.0
2019-07-04 09:30:00,1448.0
2019-07-04 09:45:00,1537.0
2019-07-04 10:00:00,1650.0
2019-07-04 10:15:00,1717.0
2019-07-04 10:30:00,1769.0
2019-07-04 10:45:00,1835.0
2019-07-04 11:00:00,1851.0
2019-07-04 11:15:00,1889.0
2019-07-04 11:30:00,1919.0
2019-07-04 11:45:00,1929.0
2019-07-04 12:00:00,1925.0
2019-07-04 12:15:00,1934.0
2019-07-04 12:30:00,1946.0
2019-07-04 12:45:00,1947.0
2019-07-04 13:00:00,1922.0
2019-07-04 13:15:00,1898.0
2019-07-04 13:30:00,1875.0
2019-07-04 13:45:00,1836.0
2019-07-04 14:00:00,1807.0
2019-07-04 14:15:00,1780.0
2019-07-04 14:30:00,1741.0
2019-07-04 14:45:00,1699.0
2019-07-04 15:00:00,1644.0
2019-07-04 15:15:00,1567.0
2019-07-04 15:30:00,1471.0
2019-07-04 15:45:00,1370.0
2019-07-04 16:00:00,1284.0
2019-07-04 16:15:00,1190.0
2019-07-04 16:30:00,1102.0
2019-07-04 16:45:00,1017.0
2019-07-04 17:00:00,901.0
2019-07-04 17:15:00,775.0
2019-07-04 17:30:00,656.0
2019-07-04 17:45:00,558.0
2019-07-04 18:00:00,444.0
2019-07-04 18:15:00,333.0
2019-07-04 18:30:00,178.0
2019-07-04 18:45:00,83.0
2019-07-04 19:00:00,40.0
2019-07-04 19:15:00,21.0
2019-07-04 19:30:00,6.0
2019-07-04 19:45:00,0.0
2019-07-04 20:00:00,0.0
2019-07-04 20:15:00,
2019-07-04 20:30:00,
2019-07-04 20:45:00,
2019-07-04 21:00:00,
2019-07-04 21:15:00,
2019-07-04 21:30:00,
2019-07-04 21:45:00,0.0
2019-07-04 22:00:00,
2019-07-04 22:15:00,
2019-07-04 22:30:00,
2019-07-04 22:45:00,
2019-07-04 23:00:00,
2019-07-04 23:15:00,
2019-07-04 23:30:00,
2019-07-04 23:45:00,
2019-07-05 00:00:00,
2019-07-05 00:15:00,
2019-07-05 00:30:00,
2019-07-05 00:45:00,
2019-07-05 01:00:00,
2019-07-05 01:15:00,
2019-07-05 01:30:00,
2019-07-05 01:45:00,
2019-07-05 02:00:00,
2019-07-05 02:15:00,
2019-07-05 02:30:00,
2019-07-05 02:45:00,
2019-07-05 03:00:00,
2019-07-05 03:15:00,
2019-07-05 03:30:00,
2019-07-05 03:45:00,
2019-07-05 04:00:00,
2019-07-05 04:15:00,
2019-07-05 04:30:00,
2019-07-05 04:45:00,
2019-07-05 05:00:00,0.0
2019-07-05 05:15:00,0.0
2019-07-05 05:30:00,4.0
2019-07-05 05:45:00,16.0
2019-07-05 06:00:00,31.0
2019-07-05 06:15:00,58.0
2019-07-05 06:30:00,103.0
2019-07-05 06:45:00,176.0
2019-07-05 07:00:00,282.0
2019-07-05 07:15:00,441.0
2019-07-05 07:30:00,610.0
2019-07-05 07:45:00,734.0
2019-07-05 08:00:00,838.0
2019-07-05 08:15:00,942.0
2019-07-05 08:30:00,1031.0
2019-07-05 08:45:00,1171.0
2019-07-05 09:00:00,1252.0
2019-07-05 09:15:00,1354.0
2019-07-05 09:30:00,1439.0
2019-07-05 09:45:00,1516.0
2019-07-05 10:00:00,1608.0
2019-07-05 10:15:00,1674.0
2019-07-05 10:30:00,1738.0
2019-07-05 10:45:00,1809.0
2019-07-05 11:00:00,1568.0
2019-07-05 11:15:00,1887.0
2019-07-05 11:30:00,1895.0
2019-07-05 11:45:00,1854.0
2019-07-05 12:00:00,1556.0
2019-07-05 12:15:00,1073.0
2019-07-05 12:30:00,1651.0
2019-07-05 12:45:00,1974.0
2019-07-05 13:00:00,1917.0
2019-07-05 13:15:00,1879.0
2019-07-05 13:30:00,1902.0
2019-07-05 13:45:00,1873.0
2019-07-05 14:00:00,1824.0
2019-07-05 14:15:00,1792.0
2019-07-05 14:30:00,1575.0
2019-07-05 14:45:00,1295.0
2019-07-05 15:00:00,1500.0
2019-07-05 15:15:00,1619.0
2019-07-05 15:30:00,1368.0
2019-07-05 15:45:00,1087.0
2019-07-05 16:00:00,1303.0
2019-07-05 16:15:00,1069.0
2019-07-05 16:30:00,1125.0
2019-07-05 16:45:00,997.0
2019-07-05 17:00:00,894.0
2019-07-05 17:15:00,759.0
2019-07-05 17:30:00,652.0
2019-07-05 17:45:00,533.0
2019-07-05 18:00:00,427.0
2019-07-05 18:15:00,323.0
2019-07-05 18:30:00,176.0
2019-07-05 18:45:00,68.0
2019-07-05 19:00:00,20.0
2019-07-05 19:15:00,11.0
2019-07-05 19:30:00,5.0
2019-07-05 19:45:00,0.0
2019-07-05 20:00:00,0.0
2019-07-05 20:15:00,
2019-07-05 20:30:00,
2019-07-05 20:45:00,
2019-07-05 21:00:00,
2019-07-05 21:15:00,
2019-07-05 21:30:00,
2019-07-05 21:45:00,0.0
2019-07-05 22:00:00,
2019-07-05 22:15:00,
2019-07-05 22:30:00,
2019-07-05 22:45:00,
2019-07-05 23:00:00,
2019-07-05 23:15:00,
2019-07-05 23:30:00,
2019-07-05 23:45:00,
2019-07-06 00:00:00,
2019-07-06 00:15:00,
2019-07-06 00:30:00,
2019-07-06 00:45:00,
2019-07-06 01:00:00,
2019-07-06 01:15:00,
2019-07-06 01:30:00,
2019-07-06 01:45:00,
2019-07-06 02:00:00,
2019-07-06 02:15:00,
2019-07-06 02:30:00,
2019-07-06 02:45:00,
2019-07-06 03:00:00,
2019-07-06 03:15:00,
2019-07-06 03:30:00,
2019-07-06 03:45:00,
2019-07-06 04:00:00,
2019-07-06 04:15:00,
2019-07-06 04:30:00,
2019-07-06 04:45:00,
2019-07-06 05:00:00,0.0
2019-07-06 05:15:00,0.0
2019-07-06 05:30:00,5.0
2019-07-06 05:45:00,19.0
2019-07-06 06:00:00,33.0
2019-07-06 06:15:00,61.0
2019-07-06 06:30:00,104.0
2019-07-06 06:45:00,175.0
2019-07-06 07:00:00,276.0
2019-07-06 07:15:00,436.0
2019-07-06 07:30:00,598.0
2019-07-06 07:45:00,729.0
2019-07-06 08:00:00,838.0
2019-07-06 08:15:00,941.0
2019-07-06 08:30:00,1034.0
2019-07-06 08:45:00,1164.0
2019-07-06 09:00:00,1243.0
2019-07-06 09:15:00,1344.0
2019-07-06 09:30:00,1441.0
2019-07-06 09:45:00,1522.0
2019-07-06 10:00:00,1619.0
2019-07-06 10:15:00,1691.0
2019-07-06 10:30:00,1742.0
2019-07-06 10:45:00,1790.0
2019-07-06 11:00:00,1840.0
2019-07-06 11:15:00,1870.0
2019-07-06 11:30:00,1899.0
2019-07-06 11:45:00,1892.0
2019-07-06 12:00:00,1902.0
2019-07-06 12:15:00,1915.0
2019-07-06 12:30:00,1933.0
2019-07-06 12:45:00,1934.0
2019-07-06 13:00:00,1919.0
2019-07-06 13:15:00,1912.0
2019-07-06 13:30:00,1891.0
2019-07-06 13:45:00,1854.0
2019-07-06 14:00:00,1794.0
2019-07-06 14:15:00,1774.0
2019-07-06 14:30:00,1731.0
2019-07-06 14:45:00,1696.0
2019-07-06 15:00:00,1632.0
2019-07-06 15:15:00,1394.0
2019-07-06 15:30:00,1473.0
2019-07-06 15:45:00,1376.0
2019-07-06 16:00:00,1290.0
2019-07-06 16:15:00,1203.0
2019-07-06 16:30:00,1117.0
2019-07-06 16:45:00,1026.0
2019-07-06 17:00:00,908.0
2019-07-06 17:15:00,776.0
2019-07-06 17:30:00,662.0
2019-07-06 17:45:00,550.0
2019-07-06 18:00:00,437.0
2019-07-06 18:15:00,328.0
2019-07-06 18:30:00,181.0
2019-07-06 18:45:00,84.0
2019-07-06 19:00:00,40.0
2019-07-06 19:15:00,21.0
2019-07-06 19:30:00,7.0
2019-07-06 19:45:00,0.0
2019-07-06 20:00:00,0.0
2019-07-06 20:15:00,
2019-07-06 20:30:00,
2019-07-06 20:45:00,
2019-07-06 21:00:00,
2019-07-06 21:15:00,
2019-07-06 21:30:00,
2019-07-06 21:45:00,0.0
2019-07-06 22:00:00,
2019-07-06 22:15:00,
2019-07-06 22:30:00,
2019-07-06 22:45:00,
2019-07-06 23:00:00,
2019-07-06 23:15:00,
2019-07-06 23:30:00,
2019-07-06 23:45:00,
2019-07-07 00:00:00,
2019-07-07 00:15:00,
2019-07-07 00:30:00,
2019-07-07 00:45:00,
2019-07-07 01:00:00,
2019-07-07 01:15:00,
2019-07-07 01:30:00,
2019-07-07 01:45:00,
2019-07-07 02:00:00,
2019-07-07 02:15:00,
2019-07-07 02:30:00,
2019-07-07 02:45:00,
2019-07-07 03:00:00,
2019-07-07 03:15:00,
2019-07-07 03:30:00,
2019-07-07 03:45:00,
2019-07-07 04:00:00,
2019-07-07 04:15:00,
2019-07-07 04:30:00,
2019-07-07 04:45:00,
2019-07-07 05:00:00,0.0
2019-07-07 05:15:00,0.0
2019-07-07 05:30:00,13.0
2019-07-07 05:45:00,22.0
2019-07-07 06:00:00,37.0
2019-07-07 06:15:00,69.0
2019-07-07 06:30:00,128.0
2019-07-07 06:45:00,208.0
2019-07-07 07:00:00,317.0
2019-07-07 07:15:00,469.0
2019-07-07 07:30:00,681.0
2019-07-07 07:45:00,459.0
2019-07-07 08:00:00,792.0
2019-07-07 08:15:00,964.0
2019-07-07 08:30:00,877.0
2019-07-07 08:45:00,1077.0
2019-07-07 09:00:00,1021.0
2019-07-07 09:15:00,1235.0
2019-07-07 09:30:00,1361.0
2019-07-07 09:45:00,1624.0
2019-07-07 10:00:00,1051.0
2019-07-07 10:15:00,1239.0
2019-07-07 10:30:00,1389.0
2019-07-07 10:45:00,1418.0
2019-07-07 11:00:00,946.0
2019-07-07 11:15:00,1798.0
2019-07-07 11:30:00,1367.0
2019-07-07 11:45:00,1042.0
2019-07-07 12:00:00,1094.0
2019-07-07 12:15:00,1371.0
2019-07-07 12:30:00,1563.0
2019-07-07 12:45:00,1678.0
2019-07-07 13:00:00,1600.0
2019-07-07 13:15:00,1631.0
2019-07-07 13:30:00,1214.0
2019-07-07 13:45:00,1499.0
2019-07-07 14:00:00,1796.0
2019-07-07 14:15:00,1679.0
2019-07-07 14:30:00,1663.0
2019-07-07 14:45:00,1366.0
2019-07-07 15:00:00,1307.0
2019-07-07 15:15:00,1152.0
2019-07-07 15:30:00,1213.0
2019-07-07 15:45:00,1237.0
2019-07-07 16:00:00,827.0
2019-07-07 16:15:00,707.0
2019-07-07 16:30:00,485.0
2019-07-07 16:45:00,558.0
2019-07-07 17:00:00,503.0
2019-07-07 17:15:00,802.0
2019-07-07 17:30:00,792.0
2019-07-07 17:45:00,540.0
2019-07-07 18:00:00,208.0
2019-07-07 18:15:00,136.0
2019-07-07 18:30:00,124.0
2019-07-07 18:45:00,91.0
2019-07-07 19:00:00,60.0
2019-07-07 19:15:00,41.0
2019-07-07 19:30:00,16.0
2019-07-07 19:45:00,0.0
2019-07-07 20:00:00,0.0
2019-07-07 20:15:00,
2019-07-07 20:30:00,
2019-07-07 20:45:00,
2019-07-07 21:00:00,
2019-07-07 21:15:00,
2019-07-07 21:30:00,
2019-07-07 21:45:00,0.0
2019-07-07 22:00:00,
2019-07-07 22:15:00,
2019-07-07 22:30:00,
2019-07-07 22:45:00,
2019-07-07 23:00:00,
2019-07-07 23:15:00,
2019-07-07 23:30:00,
2019-07-07 23:45:00,
2019-07-08 00:00:00,
2019-07-08 00:15:00,
2019-07-08 00:30:00,
2019-07-08 00:45:00,
2019-07-08 01:00:00,
2019-07-08 01:15:00,
2019-07-08 01:30:00,
2019-07-08 01:45:00,
2019-07-08 02:00:00,
2019-07-08 02:15:00,
2019-07-08 02:30:00,
2019-07-08 02:45:00,
2019-07-08 03:00:00,
2019-07-08 03:15:00,
2019-07-08 03:30:00,
2019-07-08 03:45:00,
2019-07-08 04:00:00,
2019-07-08 04:15:00,
2019-07-08 04:30:00,
2019-07-08 04:45:00,
2019-07-08 05:00:00,0.0
2019-07-08 05:15:00,0.0
2019-07-08 05:30:00,3.0
2019-07-08 05:45:00,20.0
2019-07-08 06:00:00,38.0
2019-07-08 06:15:00,64.0
2019-07-08 06:30:00,107.0
2019-07-08 06:45:00,177.0
2019-07-08 07:00:00,283.0
2019-07-08 07:15:00,444.0
2019-07-08 07:30:00,606.0
2019-07-08 07:45:00,735.0
2019-07-08 08:00:00,845.0
2019-07-08 08:15:00,952.0
2019-07-08 08:30:00,1048.0
2019-07-08 08:45:00,1155.0
2019-07-08 09:00:00,1235.0
2019-07-08 09:15:00,1324.0
2019-07-08 09:30:00,1419.0
2019-07-08 09:45:00,1508.0
2019-07-08 10:00:00,1648.0
2019-07-08 10:15:00,1717.0
2019-07-08 10:30:00,1788.0
2019-07-08 10:45:00,1844.0
2019-07-08 11:00:00,1879.0
2019-07-08 11:15:00,1903.0
2019-07-08 11:30:00,1917.0
2019-07-08 11:45:00,1940.0
2019-07-08 12:00:00,1951.0
2019-07-08 12:15:00,1966.0
2019-07-08 12:30:00,1954.0
2019-07-08 12:45:00,1947.0
2019-07-08 13:00:00,1947.0
2019-07-08 13:15:00,1937.0
2019-07-08 13:30:00,1898.0
2019-07-08 13:45:00,1880.0
2019-07-08 14:00:00,1860.0
2019-07-08 14:15:00,1815.0
2019-07-08 14:30:00,1762.0
2019-07-08 14:45:00,1604.0
2019-07-08 15:00:00,1609.0
2019-07-08 15:15:00,1633.0
2019-07-08 15:30:00,1514.0
2019-07-08 15:45:00,1416.0
2019-07-08 16:00:00,1331.0
2019-07-08 16:15:00,1242.0
2019-07-08 16:30:00,1149.0
2019-07-08 16:45:00,1044.0
2019-07-08 17:00:00,924.0
2019-07-08 17:15:00,796.0
2019-07-08 17:30:00,664.0
2019-07-08 17:45:00,563.0
2019-07-08 18:00:00,449.0
2019-07-08 18:15:00,338.0
2019-07-08 18:30:00,184.0
2019-07-08 18:45:00,93.0
2019-07-08 19:00:00,46.0
2019-07-08 19:15:00,24.0
2019-07-08 19:30:00,8.0
2019-07-08 19:45:00,0.0
2019-07-08 20:00:00,0.0
2019-07-08 20:15:00,
2019-07-08 20:30:00,
2019-07-08 20:45:00,
2019-07-08 21:00:00,
2019-07-08 21:15:00,
2019-07-08 21:30:00,
2019-07-08 21:45:00,0.0
2019-07-08 22:00:00,
2019-07-08 22:15:00,
2019-07-08 22:30:00,
2019-07-08 22:45:00,
2019-07-08 23:00:00,
2019-07-08 23:15:00,
2019-07-08 23:30:00,
2019-07-08 23:45:00,
2019-07-09 00:00:00,
2019-07-09 00:15:00,
2019-07-09 00:30:00,
2019-07-09 00:45:00,
2019-07-09 01:00:00,
2019-07-09 01:15:00,
2019-07-09 01:30:00,
2019-07-09 01:45:00,
2019-07-09 02:00:00,
2019-07-09 02:15:00,
2019-07-09 02:30:00,
2019-07-09 02:45:00,
2019-07-09 03:00:00,
2019-07-09 03:15:00,
2019-07-09 03:30:00,
2019-07-09 03:45:00,
2019-07-09 04:00:00,
2019-07-09 04:15:00,
2019-07-09 04:30:00,
2019-07-09 04:45:00,
2019-07-09 05:00:00,0.0
2019-07-09 05:15:00,0.0
2019-07-09 05:30:00,5.0
2019-07-09 05:45:00,18.0
2019-07-09 06:00:00,34.0
2019-07-09 06:15:00,62.0
2019-07-09 06:30:00,106.0
2019-07-09 06:45:00,174.0
2019-07-09 07:00:00,275.0
2019-07-09 07:15:00,432.0
2019-07-09 07:30:00,593.0
2019-07-09 07:45:00,711.0
2019-07-09 08:00:00,819.0
2019-07-09 08:15:00,925.0
2019-07-09 08:30:00,1025.0
2019-07-09 08:45:00,1135.0
2019-07-09 09:00:00,1215.0
2019-07-09 09:15:00,1303.0
2019-07-09 09:30:00,1412.0
2019-07-09 09:45:00,1488.0
2019-07-09 10:00:00,1586.0
2019-07-09 10:15:00,1653.0
2019-07-09 10:30:00,1715.0
2019-07-09 10:45:00,1775.0
2019-07-09 11:00:00,1806.0
2019-07-09 11:15:00,1819.0
2019-07-09 11:30:00,1856.0
2019-07-09 11:45:00,1879.0
2019-07-09 12:00:00,1874.0
2019-07-09 12:15:00,1896.0
2019-07-09 12:30:00,1904.0
2019-07-09 12:45:00,1876.0
2019-07-09 13:00:00,1862.0
2019-07-09 13:15:00,1835.0
2019-07-09 13:30:00,1822.0
2019-07-09 13:45:00,1806.0
2019-07-09 14:00:00,1766.0
2019-07-09 14:15:00,1734.0
2019-07-09 14:30:00,1718.0
2019-07-09 14:45:00,1676.0
2019-07-09 15:00:00,1618.0
2019-07-09 15:15:00,1547.0
2019-07-09 15:30:00,1456.0
2019-07-09 15:45:00,1372.0
2019-07-09 16:00:00,1295.0
2019-07-09 16:15:00,1213.0
2019-07-09 16:30:00,1116.0
2019-07-09 16:45:00,1007.0
2019-07-09 17:00:00,886.0
2019-07-09 17:15:00,762.0
2019-07-09 17:30:00,650.0
2019-07-09 17:45:00,546.0
2019-07-09 18:00:00,436.0
2019-07-09 18:15:00,325.0
2019-07-09 18:30:00,180.0
2019-07-09 18:45:00,87.0
2019-07-09 19:00:00,44.0
2019-07-09 19:15:00,22.0
2019-07-09 19:30:00,7.0
2019-07-09 19:45:00,0.0
2019-07-09 20:00:00,0.0
2019-07-09 20:15:00,
2019-07-09 20:30:00,
2019-07-09 20:45:00,
2019-07-09 21:00:00,
2019-07-09 21:15:00,
2019-07-09 21:30:00,
2019-07-09 21:45:00,0.0
2019-07-09 22:00:00,
2019-07-09 22:15:00,
2019-07-09 22:30:00,
2019-07-09 22:45:00,
2019-07-09 23:00:00,
2019-07-09 23:15:00,
2019-07-09 23:30:00,
2019-07-09 23:45:00,
2019-07-10 00:00:00,
2019-07-10 00:15:00,
2019-07-10 00:30:00,
2019-07-10 00:45:00,
2019-07-10 01:00:00,
2019-07-10 01:15:00,
2019-07-10 01:30:00,
2019-07-10 01:45:00,
2019-07-10 02:00:00,
2019-07-10 02:15:00,
2019-07-10 02:30:00,
2019-07-10 02:45:00,
2019-07-10 03:00:00,
2019-07-10 03:15:00,
2019-07-10 03:30:00,
2019-07-10 03:45:00,
2019-07-10 04:00:00,
2019-07-10 04:15:00,
2019-07-10 04:30:00,
2019-07-10 04:45:00,
2019-07-10 05:00:00,0.0
2019-07-10 05:15:00,0.0
2019-07-10 05:30:00,4.0
2019-07-10 05:45:00,16.0
2019-07-10 06:00:00,30.0
2019-07-10 06:15:00,57.0
2019-07-10 06:30:00,101.0
2019-07-10 06:45:00,169.0
2019-07-10 07:00:00,270.0
2019-07-10 07:15:00,434.0
2019-07-10 07:30:00,593.0
2019-07-10 07:45:00,721.0
2019-07-10 08:00:00,826.0
2019-07-10 08:15:00,931.0
2019-07-10 08:30:00,1027.0
2019-07-10 08:45:00,1132.0
2019-07-10 09:00:00,1207.0
2019-07-10 09:15:00,1310.0
2019-07-10 09:30:00,1401.0
2019-07-10 09:45:00,1466.0
2019-07-10 10:00:00,1575.0
2019-07-10 10:15:00,1642.0
2019-07-10 10:30:00,1712.0
2019-07-10 10:45:00,1753.0
2019-07-10 11:00:00,1799.0
2019-07-10 11:15:00,1826.0
2019-07-10 11:30:00,1849.0
2019-07-10 11:45:00,1838.0
2019-07-10 12:00:00,1853.0
2019-07-10 12:15:00,1876.0
2019-07-10 12:30:00,1872.0
2019-07-10 12:45:00,1857.0
2019-07-10 13:00:00,1856.0
2019-07-10 13:15:00,1840.0
2019-07-10 13:30:00,1823.0
2019-07-10 13:45:00,1799.0
2019-07-10 14:00:00,1781.0
2019-07-10 14:15:00,1768.0
2019-07-10 14:30:00,1692.0
2019-07-10 14:45:00,1561.0
2019-07-10 15:00:00,1346.0
2019-07-10 15:15:00,1267.0
2019-07-10 15:30:00,1418.0
2019-07-10 15:45:00,1452.0
2019-07-10 16:00:00,1341.0
2019-07-10 16:15:00,1283.0
2019-07-10 16:30:00,1130.0
2019-07-10 16:45:00,942.0
2019-07-10 17:00:00,862.0
2019-07-10 17:15:00,741.0
2019-07-10 17:30:00,637.0
2019-07-10 17:45:00,524.0
2019-07-10 18:00:00,384.0
2019-07-10 18:15:00,159.0
2019-07-10 18:30:00,98.0
2019-07-10 18:45:00,78.0
2019-07-10 19:00:00,111.0
2019-07-10 19:15:00,99.0
2019-07-10 19:30:00,50.0
2019-07-10 19:45:00,35.0
2019-07-10 20:00:00,2.0
2019-07-10 20:15:00,
2019-07-10 20:30:00,
2019-07-10 20:45:00,
2019-07-10 21:00:00,
2019-07-10 21:15:00,
2019-07-10 21:30:00,
2019-07-10 21:45:00,
2019-07-10 22:00:00,0.0
2019-07-10 22:15:00,
2019-07-10 22:30:00,
2019-07-10 22:45:00,
2019-07-10 23:00:00,
2019-07-10 23:15:00,
2019-07-10 23:30:00,
2019-07-10 23:45:00,
2019-07-11 00:00:00,
2019-07-11 00:15:00,
2019-07-11 00:30:00,
2019-07-11 00:45:00,
2019-07-11 01:00:00,
2019-07-11 01:15:00,
2019-07-11 01:30:00,
2019-07-11 01:45:00,
2019-07-11 02:00:00,
2019-07-11 02:15:00,
2019-07-11 02:30:00,
2019-07-11 02:45:00,
2019-07-11 03:00:00,
2019-07-11 03:15:00,
2019-07-11 03:30:00,
2019-07-11 03:45:00,
2019-07-11 04:00:00,
2019-07-11 04:15:00,
2019-07-11 04:30:00,
2019-07-11 04:45:00,
2019-07-11 05:00:00,0.0
2019-07-11 05:15:00,0.0
2019-07-11 05:30:00,13.0
2019-07-11 05:45:00,46.0
2019-07-11 06:00:00,63.0
2019-07-11 06:15:00,85.0
2019-07-11 06:30:00,134.0
2019-07-11 06:45:00,232.0
2019-07-11 07:00:00,363.0
2019-07-11 07:15:00,541.0
2019-07-11 07:30:00,376.0
2019-07-11 07:45:00,459.0
2019-07-11 08:00:00,737.0
2019-07-11 08:15:00,887.0
2019-07-11 08:30:00,995.0
2019-07-11 08:45:00,1097.0
2019-07-11 09:00:00,1176.0
2019-07-11 09:15:00,1309.0
2019-07-11 09:30:00,1305.0
2019-07-11 09:45:00,1344.0
2019-07-11 10:00:00,1446.0
2019-07-11 10:15:00,1256.0
2019-07-11 10:30:00,1636.0
2019-07-11 10:45:00,1704.0
2019-07-11 11:00:00,1737.0
2019-07-11 11:15:00,1547.0
2019-07-11 11:30:00,1078.0
2019-07-11 11:45:00,1953.0
2019-07-11 12:00:00,1838.0
2019-07-11 12:15:00,1846.0
2019-07-11 12:30:00,1891.0
2019-07-11 12:45:00,1959.0
2019-07-11 13:00:00,605.0
2019-07-11 13:15:00,822.0
2019-07-11 13:30:00,1628.0
2019-07-11 13:45:00,1377.0
2019-07-11 14:00:00,1734.0
2019-07-11 14:15:00,1308.0
2019-07-11 14:30:00,1211.0
2019-07-11 14:45:00,1950.0
2019-07-11 15:00:00,1397.0
2019-07-11 15:15:00,775.0
2019-07-11 15:30:00,909.0
2019-07-11 15:45:00,476.0
2019-07-11 16:00:00,599.0
2019-07-11 16:15:00,473.0
2019-07-11 16:30:00,362.0
2019-07-11 16:45:00,116.0
2019-07-11 17:00:00,127.0
2019-07-11 17:15:00,220.0
2019-07-11 17:30:00,208.0
2019-07-11 17:45:00,78.0
2019-07-11 18:00:00,149.0
2019-07-11 18:15:00,142.0
2019-07-11 18:30:00,64.0
2019-07-11 18:45:00,77.0
2019-07-11 19:00:00,72.0
2019-07-11 19:15:00,73.0
2019-07-11 19:30:00,48.0
2019-07-11 19:45:00,29.0
2019-07-11 20:00:00,2.0
2019-07-11 20:15:00,
2019-07-11 20:30:00,
2019-07-11 20:45:00,
2019-07-11 21:00:00,
2019-07-11 21:15:00,
2019-07-11 21:30:00,
2019-07-11 21:45:00,
2019-07-11 22:00:00,0.0
2019-07-11 22:15:00,
2019-07-11 22:30:00,
2019-07-11 22:45:00,
2019-07-11 23:00:00,
2019-07-11 23:15:00,
2019-07-11 23:30:00,
2019-07-11 23:45:00,
2019-07-12 00:00:00,
2019-07-12 00:15:00,
2019-07-12 00:30:00,
2019-07-12 00:45:00,
2019-07-12 01:00:00,
2019-07-12 01:15:00,
2019-07-12 01:30:00,
2019-07-12 01:45:00,
2019-07-12 02:00:00,
2019-07-12 02:15:00,
2019-07-12 02:30:00,
2019-07-12 02:45:00,
2019-07-12 03:00:00,
2019-07-12 03:15:00,
2019-07-12 03:30:00,
2019-07-12 03:45:00,
2019-07-12 04:00:00,
2019-07-12 04:15:00,
2019-07-12 04:30:00,
2019-07-12 04:45:00,
2019-07-12 05:00:00,
2019-07-12 05:15:00,0.0
2019-07-12 05:30:00,13.0
2019-07-12 05:45:00,49.0
2019-07-12 06:00:00,77.0
2019-07-12 06:15:00,122.0
2019-07-12 06:30:00,212.0
2019-07-12 06:45:00,285.0
2019-07-12 07:00:00,374.0
2019-07-12 07:15:00,521.0
2019-07-12 07:30:00,569.0
2019-07-12 07:45:00,698.0
2019-07-12 08:00:00,499.0
2019-07-12 08:15:00,857.0
2019-07-12 08:30:00,1010.0
2019-07-12 08:45:00,1141.0
2019-07-12 09:00:00,1169.0
2019-07-12 09:15:00,617.0
2019-07-12 09:30:00,1500.0
2019-07-12 09:45:00,1177.0
2019-07-12 10:00:00,1661.0
2019-07-12 10:15:00,1327.0
2019-07-12 10:30:00,1722.0
2019-07-12 10:45:00,1813.0
2019-07-12 11:00:00,1822.0
2019-07-12 11:15:00,1804.0
2019-07-12 11:30:00,1595.0
2019-07-12 11:45:00,1668.0
2019-07-12 12:00:00,1726.0
2019-07-12 12:15:00,1388.0
2019-07-12 12:30:00,989.0
2019-07-12 12:45:00,1691.0
2019-07-12 13:00:00,1804.0
2019-07-12 13:15:00,1980.0
2019-07-12 13:30:00,875.0
2019-07-12 13:45:00,543.0
2019-07-12 14:00:00,165.0
2019-07-12 14:15:00,177.0
2019-07-12 14:30:00,413.0
2019-07-12 14:45:00,798.0
2019-07-12 15:00:00,1495.0
2019-07-12 15:15:00,1426.0
2019-07-12 15:30:00,1519.0
2019-07-12 15:45:00,792.0
2019-07-12 16:00:00,593.0
2019-07-12 16:15:00,400.0
2019-07-12 16:30:00,298.0
2019-07-12 16:45:00,267.0
2019-07-12 17:00:00,343.0
2019-07-12 17:15:00,312.0
2019-07-12 17:30:00,200.0
2019-07-12 17:45:00,167.0
2019-07-12 18:00:00,182.0
2019-07-12 18:15:00,147.0
2019-07-12 18:30:00,120.0
2019-07-12 18:45:00,79.0
2019-07-12 19:00:00,33.0
2019-07-12 19:15:00,2.0
2019-07-12 19:30:00,0.0
2019-07-12 19:45:00,0.0
2019-07-12 20:00:00,
2019-07-12 20:15:00,
2019-07-12 20:30:00,
2019-07-12 20:45:00,
2019-07-12 21:00:00,
2019-07-12 21:15:00,
2019-07-12 21:30:00,0.0
2019-07-12 21:45:00,
2019-07-12 22:00:00,
2019-07-12 22:15:00,
2019-07-12 22:30:00,
2019-07-12 22:45:00,
2019-07-12 23:00:00,
2019-07-12 23:15:00,
2019-07-12 23:30:00,
2019-07-12 23:45:00,
2019-07-13 00:00:00,
2019-07-13 00:15:00,
2019-07-13 00:30:00,
2019-07-13 00:45:00,
2019-07-13 01:00:00,
2019-07-13 01:15:00,
2019-07-13 01:30:00,
2019-07-13 01:45:00,
2019-07-13 02:00:00,
2019-07-13 02:15:00,
2019-07-13 02:30:00,
2019-07-13 02:45:00,
2019-07-13 03:00:00,
2019-07-13 03:15:00,
2019-07-13 03:30:00,
2019-07-13 03:45:00,
2019-07-13 04:00:00,
2019-07-13 04:15:00,
2019-07-13 04:30:00,
2019-07-13 04:45:00,
2019-07-13 05:00:00,
2019-07-13 05:15:00,
2019-07-13 05:30:00,0.0
2019-07-13 05:45:00,15.0
2019-07-13 06:00:00,59.0
2019-07-13 06:15:00,104.0
2019-07-13 06:30:00,182.0
2019-07-13 06:45:00,172.0
2019-07-13 07:00:00,221.0
2019-07-13 07:15:00,150.0
2019-07-13 07:30:00,113.0
2019-07-13 07:45:00,149.0
2019-07-13 08:00:00,209.0
2019-07-13 08:15:00,188.0
2019-07-13 08:30:00,317.0
2019-07-13 08:45:00,474.0
2019-07-13 09:00:00,680.0
2019-07-13 09:15:00,930.0
2019-07-13 09:30:00,686.0
2019-07-13 09:45:00,853.0
2019-07-13 10:00:00,1721.0
2019-07-13 10:15:00,1524.0
2019-07-13 10:30:00,1378.0
2019-07-13 10:45:00,1739.0
2019-07-13 11:00:00,1746.0
2019-07-13 11:15:00,1771.0
2019-07-13 11:30:00,1783.0
2019-07-13 11:45:00,1273.0
2019-07-13 12:00:00,1901.0
2019-07-13 12:15:00,1143.0
2019-07-13 12:30:00,1398.0
2019-07-13 12:45:00,691.0
2019-07-13 13:00:00,1951.0
2019-07-13 13:15:00,1361.0
2019-07-13 13:30:00,1993.0
2019-07-13 13:45:00,1681.0
2019-07-13 14:00:00,1868.0
2019-07-13 14:15:00,1165.0
2019-07-13 14:30:00,430.0
2019-07-13 14:45:00,484.0
2019-07-13 15:00:00,571.0
2019-07-13 15:15:00,653.0
2019-07-13 15:30:00,1382.0
2019-07-13 15:45:00,475.0
2019-07-13 16:00:00,294.0
2019-07-13 16:15:00,189.0
2019-07-13 16:30:00,84.0
2019-07-13 16:45:00,96.0
2019-07-13 17:00:00,142.0
2019-07-13 17:15:00,244.0
2019-07-13 17:30:00,281.0
2019-07-13 17:45:00,232.0
2019-07-13 18:00:00,288.0
2019-07-13 18:15:00,360.0
2019-07-13 18:30:00,190.0
2019-07-13 18:45:00,95.0
2019-07-13 19:00:00,50.0
2019-07-13 19:15:00,24.0
2019-07-13 19:30:00,8.0
2019-07-13 19:45:00,0.0
2019-07-13 20:00:00,0.0
2019-07-13 20:15:00,
2019-07-13 20:30:00,
2019-07-13 20:45:00,
2019-07-13 21:00:00,
2019-07-13 21:15:00,
2019-07-13 21:30:00,
2019-07-13 21:45:00,0.0
2019-07-13 22:00:00,
2019-07-13 22:15:00,
2019-07-13 22:30:00,
2019-07-13 22:45:00,
2019-07-13 23:00:00,
2019-07-13 23:15:00,
2019-07-13 23:30:00,
2019-07-13 23:45:00,
2019-07-14 00:00:00,
2019-07-14 00:15:00,
2019-07-14 00:30:00,
2019-07-14 00:45:00,
2019-07-14 01:00:00,
2019-07-14 01:15:00,
2019-07-14 01:30:00,
2019-07-14 01:45:00,
2019-07-14 02:00:00,
2019-07-14 02:15:00,
2019-07-14 02:30:00,
2019-07-14 02:45:00,
2019-07-14 03:00:00,
2019-07-14 03:15:00,
2019-07-14 03:30:00,
2019-07-14 03:45:00,
2019-07-14 04:00:00,
2019-07-14 04:15:00,
2019-07-14 04:30:00,
2019-07-14 04:45:00,
2019-07-14 05:00:00,
2019-07-14 05:15:00,0.0
2019-07-14 05:30:00,6.0
2019-07-14 05:45:00,23.0
2019-07-14 06:00:00,52.0
2019-07-14 06:15:00,119.0
2019-07-14 06:30:00,133.0
2019-07-14 06:45:00,204.0
2019-07-14 07:00:00,289.0
2019-07-14 07:15:00,407.0
2019-07-14 07:30:00,561.0
2019-07-14 07:45:00,682.0
2019-07-14 08:00:00,779.0
2019-07-14 08:15:00,886.0
2019-07-14 08:30:00,978.0
2019-07-14 08:45:00,1066.0
2019-07-14 09:00:00,1138.0
2019-07-14 09:15:00,1237.0
2019-07-14 09:30:00,1313.0
2019-07-14 09:45:00,1375.0
2019-07-14 10:00:00,1455.0
2019-07-14 10:15:00,1549.0
2019-07-14 10:30:00,1615.0
2019-07-14 10:45:00,1690.0
2019-07-14 11:00:00,1721.0
2019-07-14 11:15:00,1756.0
2019-07-14 11:30:00,1806.0
2019-07-14 11:45:00,1813.0
2019-07-14 12:00:00,1892.0
2019-07-14 12:15:00,1138.0
2019-07-14 12:30:00,1471.0
2019-07-14 12:45:00,1328.0
2019-07-14 13:00:00,466.0
2019-07-14 13:15:00,764.0
2019-07-14 13:30:00,590.0
2019-07-14 13:45:00,547.0
2019-07-14 14:00:00,369.0
2019-07-14 14:15:00,389.0
2019-07-14 14:30:00,545.0
2019-07-14 14:45:00,652.0
2019-07-14 15:00:00,564.0
2019-07-14 15:15:00,936.0
2019-07-14 15:30:00,651.0
2019-07-14 15:45:00,395.0
2019-07-14 16:00:00,404.0
2019-07-14 16:15:00,656.0
2019-07-14 16:30:00,666.0
2019-07-14 16:45:00,540.0
2019-07-14 17:00:00,379.0
2019-07-14 17:15:00,194.0
2019-07-14 17:30:00,310.0
2019-07-14 17:45:00,172.0
2019-07-14 18:00:00,100.0
2019-07-14 18:15:00,131.0
2019-07-14 18:30:00,146.0
2019-07-14 18:45:00,182.0
2019-07-14 19:00:00,101.0
2019-07-14 19:15:00,49.0
2019-07-14 19:30:00,16.0
2019-07-14 19:45:00,1.0
2019-07-14 20:00:00,0.0
2019-07-14 20:15:00,
2019-07-14 20:30:00,
2019-07-14 20:45:00,
2019-07-14 21:00:00,
2019-07-14 21:15:00,
2019-07-14 21:30:00,
2019-07-14 21:45:00,0.0
2019-07-14 22:00:00,
2019-07-14 22:15:00,
2019-07-14 22:30:00,
2019-07-14 22:45:00,
2019-07-14 23:00:00,
2019-07-14 23:15:00,
2019-07-14 23:30:00,
2019-07-14 23:45:00,
2019-07-15 00:00:00,
2019-07-15 00:15:00,
2019-07-15 00:30:00,
2019-07-15 00:45:00,
2019-07-15 01:00:00,
2019-07-15 01:15:00,
2019-07-15 01:30:00,
2019-07-15 01:45:00,
2019-07-15 02:00:00,
2019-07-15 02:15:00,
2019-07-15 02:30:00,
2019-07-15 02:45:00,
2019-07-15 03:00:00,
2019-07-15 03:15:00,
2019-07-15 03:30:00,
2019-07-15 03:45:00,
2019-07-15 04:00:00,
2019-07-15 04:15:00,
2019-07-15 04:30:00,
2019-07-15 04:45:00,
2019-07-15 05:00:00,
2019-07-15 05:15:00,0.0
2019-07-15 05:30:00,2.0
2019-07-15 05:45:00,16.0
2019-07-15 06:00:00,40.0
2019-07-15 06:15:00,101.0
2019-07-15 06:30:00,183.0
2019-07-15 06:45:00,230.0
2019-07-15 07:00:00,378.0
2019-07-15 07:15:00,538.0
2019-07-15 07:30:00,758.0
2019-07-15 07:45:00,862.0
2019-07-15 08:00:00,461.0
2019-07-15 08:15:00,664.0
2019-07-15 08:30:00,1038.0
2019-07-15 08:45:00,1128.0
2019-07-15 09:00:00,1207.0
2019-07-15 09:15:00,1295.0
2019-07-15 09:30:00,1373.0
2019-07-15 09:45:00,1441.0
2019-07-15 10:00:00,1542.0
2019-07-15 10:15:00,1610.0
2019-07-15 10:30:00,1668.0
2019-07-15 10:45:00,1732.0
2019-07-15 11:00:00,1761.0
2019-07-15 11:15:00,1788.0
2019-07-15 11:30:00,1839.0
2019-07-15 11:45:00,1877.0
2019-07-15 12:00:00,1895.0
2019-07-15 12:15:00,1916.0
2019-07-15 12:30:00,1826.0
2019-07-15 12:45:00,1890.0
2019-07-15 13:00:00,1912.0
2019-07-15 13:15:00,1871.0
2019-07-15 13:30:00,1823.0
2019-07-15 13:45:00,1818.0
2019-07-15 14:00:00,1675.0
2019-07-15 14:15:00,1736.0
2019-07-15 14:30:00,1591.0
2019-07-15 14:45:00,1391.0
2019-07-15 15:00:00,1412.0
2019-07-15 15:15:00,1179.0
2019-07-15 15:30:00,1257.0
2019-07-15 15:45:00,1134.0
2019-07-15 16:00:00,1340.0
2019-07-15 16:15:00,1217.0
2019-07-15 16:30:00,1126.0
2019-07-15 16:45:00,1030.0
2019-07-15 17:00:00,795.0
2019-07-15 17:15:00,695.0
2019-07-15 17:30:00,625.0
2019-07-15 17:45:00,529.0
2019-07-15 18:00:00,421.0
2019-07-15 18:15:00,315.0
2019-07-15 18:30:00,179.0
2019-07-15 18:45:00,89.0
2019-07-15 19:00:00,42.0
2019-07-15 19:15:00,19.0
2019-07-15 19:30:00,5.0
2019-07-15 19:45:00,0.0
2019-07-15 20:00:00,0.0
2019-07-15 20:15:00,
2019-07-15 20:30:00,
2019-07-15 20:45:00,
2019-07-15 21:00:00,
2019-07-15 21:15:00,
2019-07-15 21:30:00,
2019-07-15 21:45:00,0.0
2019-07-15 22:00:00,
2019-07-15 22:15:00,
2019-07-15 22:30:00,
2019-07-15 22:45:00,
2019-07-15 23:00:00,
2019-07-15 23:15:00,
2019-07-15 23:30:00,
2019-07-15 23:45:00,
2019-07-16 00:00:00,
2019-07-16 00:15:00,
2019-07-16 00:30:00,
2019-07-16 00:45:00,
2019-07-16 01:00:00,
2019-07-16 01:15:00,
2019-07-16 01:30:00,
2019-07-16 01:45:00,
2019-07-16 02:00:00,
2019-07-16 02:15:00,
2019-07-16 02:30:00,
2019-07-16 02:45:00,
2019-07-16 03:00:00,
2019-07-16 03:15:00,
2019-07-16 03:30:00,
2019-07-16 03:45:00,
2019-07-16 04:00:00,
2019-07-16 04:15:00,
2019-07-16 04:30:00,
2019-07-16 04:45:00,
2019-07-16 05:00:00,
2019-07-16 05:15:00,0.0
2019-07-16 05:30:00,1.0
2019-07-16 05:45:00,12.0
2019-07-16 06:00:00,22.0
2019-07-16 06:15:00,49.0
2019-07-16 06:30:00,90.0
2019-07-16 06:45:00,155.0
2019-07-16 07:00:00,253.0
2019-07-16 07:15:00,404.0
2019-07-16 07:30:00,578.0
2019-07-16 07:45:00,706.0
2019-07-16 08:00:00,810.0
2019-07-16 08:15:00,919.0
2019-07-16 08:30:00,1041.0
2019-07-16 08:45:00,1150.0
2019-07-16 09:00:00,1225.0
2019-07-16 09:15:00,1322.0
2019-07-16 09:30:00,1405.0
2019-07-16 09:45:00,1485.0
2019-07-16 10:00:00,1594.0
2019-07-16 10:15:00,1657.0
2019-07-16 10:30:00,1722.0
2019-07-16 10:45:00,1770.0
2019-07-16 11:00:00,1807.0
2019-07-16 11:15:00,1847.0
2019-07-16 11:30:00,1863.0
2019-07-16 11:45:00,1878.0
2019-07-16 12:00:00,1894.0
2019-07-16 12:15:00,1900.0
2019-07-16 12:30:00,1902.0
2019-07-16 12:45:00,1887.0
2019-07-16 13:00:00,1874.0
2019-07-16 13:15:00,1876.0
2019-07-16 13:30:00,1842.0
2019-07-16 13:45:00,1819.0
2019-07-16 14:00:00,1767.0
2019-07-16 14:15:00,1699.0
2019-07-16 14:30:00,1637.0
2019-07-16 14:45:00,1556.0
2019-07-16 15:00:00,1475.0
2019-07-16 15:15:00,1490.0
2019-07-16 15:30:00,1365.0
2019-07-16 15:45:00,1286.0
2019-07-16 16:00:00,1190.0
2019-07-16 16:15:00,1140.0
2019-07-16 16:30:00,1058.0
2019-07-16 16:45:00,963.0
2019-07-16 17:00:00,846.0
2019-07-16 17:15:00,722.0
2019-07-16 17:30:00,623.0
2019-07-16 17:45:00,532.0
2019-07-16 18:00:00,424.0
2019-07-16 18:15:00,318.0
2019-07-16 18:30:00,187.0
2019-07-16 18:45:00,92.0
2019-07-16 19:00:00,40.0
2019-07-16 19:15:00,18.0
2019-07-16 19:30:00,4.0
2019-07-16 19:45:00,0.0
2019-07-16 20:00:00,0.0
2019-07-16 20:15:00,
2019-07-16 20:30:00,
2019-07-16 20:45:00,
2019-07-16 21:00:00,
2019-07-16 21:15:00,
2019-07-16 21:30:00,
2019-07-16 21:45:00,0.0
2019-07-16 22:00:00,
2019-07-16 22:15:00,
2019-07-16 22:30:00,
2019-07-16 22:45:00,
2019-07-16 23:00:00,
2019-07-16 23:15:00,
2019-07-16 23:30:00,
2019-07-16 23:45:00,
2019-07-17 00:00:00,
2019-07-17 00:15:00,
2019-07-17 00:30:00,
2019-07-17 00:45:00,
2019-07-17 01:00:00,
2019-07-17 01:15:00,
2019-07-17 01:30:00,
2019-07-17 01:45:00,
2019-07-17 02:00:00,
2019-07-17 02:15:00,
2019-07-17 02:30:00,
2019-07-17 02:45:00,
2019-07-17 03:00:00,
2019-07-17 03:15:00,
2019-07-17 03:30:00,
2019-07-17 03:45:00,
2019-07-17 04:00:00,
2019-07-17 04:15:00,
2019-07-17 04:30:00,
2019-07-17 04:45:00,
2019-07-17 05:00:00,
2019-07-17 05:15:00,0.0
2019-07-17 05:30:00,1.0
2019-07-17 05:45:00,13.0
2019-07-17 06:00:00,25.0
2019-07-17 06:15:00,60.0
2019-07-17 06:30:00,106.0
2019-07-17 06:45:00,163.0
2019-07-17 07:00:00,253.0
2019-07-17 07:15:00,394.0
2019-07-17 07:30:00,554.0
2019-07-17 07:45:00,682.0
2019-07-17 08:00:00,795.0
2019-07-17 08:15:00,901.0
2019-07-17 08:30:00,996.0
2019-07-17 08:45:00,1087.0
2019-07-17 09:00:00,1164.0
2019-07-17 09:15:00,1284.0
2019-07-17 09:30:00,1365.0
2019-07-17 09:45:00,1433.0
2019-07-17 10:00:00,1556.0
2019-07-17 10:15:00,1662.0
2019-07-17 10:30:00,1733.0
2019-07-17 10:45:00,1783.0
2019-07-17 11:00:00,1806.0
2019-07-17 11:15:00,1838.0
2019-07-17 11:30:00,1862.0
2019-07-17 11:45:00,1883.0
2019-07-17 12:00:00,1897.0
2019-07-17 12:15:00,1902.0
2019-07-17 12:30:00,1902.0
2019-07-17 12:45:00,1894.0
2019-07-17 13:00:00,1872.0
2019-07-17 13:15:00,1855.0
2019-07-17 13:30:00,1827.0
2019-07-17 13:45:00,1816.0
2019-07-17 14:00:00,1796.0
2019-07-17 14:15:00,1766.0
2019-07-17 14:30:00,1714.0
2019-07-17 14:45:00,1662.0
2019-07-17 15:00:00,1615.0
2019-07-17 15:15:00,1553.0
2019-07-17 15:30:00,1493.0
2019-07-17 15:45:00,1415.0
2019-07-17 16:00:00,1320.0
2019-07-17 16:15:00,1236.0
2019-07-17 16:30:00,1130.0
2019-07-17 16:45:00,1000.0
2019-07-17 17:00:00,894.0
2019-07-17 17:15:00,771.0
2019-07-17 17:30:00,652.0
2019-07-17 17:45:00,529.0
2019-07-17 18:00:00,430.0
2019-07-17 18:15:00,323.0
2019-07-17 18:30:00,176.0
2019-07-17 18:45:00,78.0
2019-07-17 19:00:00,44.0
2019-07-17 19:15:00,21.0
2019-07-17 19:30:00,3.0
2019-07-17 19:45:00,0.0
2019-07-17 20:00:00,
2019-07-17 20:15:00,
2019-07-17 20:30:00,
2019-07-17 20:45:00,
2019-07-17 21:00:00,
2019-07-17 21:15:00,
2019-07-17 21:30:00,
2019-07-17 21:45:00,0.0
2019-07-17 22:00:00,
2019-07-17 22:15:00,
2019-07-17 22:30:00,
2019-07-17 22:45:00,
2019-07-17 23:00:00,
2019-07-17 23:15:00,
2019-07-17 23:30:00,
2019-07-17 23:45:00,
2019-07-18 00:00:00,
2019-07-18 00:15:00,
2019-07-18 00:30:00,
2019-07-18 00:45:00,
2019-07-18 01:00:00,
2019-07-18 01:15:00,
2019-07-18 01:30:00,
2019-07-18 01:45:00,
2019-07-18 02:00:00,
2019-07-18 02:15:00,
2019-07-18 02:30:00,
2019-07-18 02:45:00,
2019-07-18 03:00:00,
2019-07-18 03:15:00,
2019-07-18 03:30:00,
2019-07-18 03:45:00,
2019-07-18 04:00:00,
2019-07-18 04:15:00,
2019-07-18 04:30:00,
2019-07-18 04:45:00,
2019-07-18 05:00:00,
2019-07-18 05:15:00,0.0
2019-07-18 05:30:00,1.0
2019-07-18 05:45:00,18.0
2019-07-18 06:00:00,36.0
2019-07-18 06:15:00,66.0
2019-07-18 06:30:00,104.0
2019-07-18 06:45:00,162.0
2019-07-18 07:00:00,258.0
2019-07-18 07:15:00,396.0
2019-07-18 07:30:00,549.0
2019-07-18 07:45:00,667.0
2019-07-18 08:00:00,775.0
2019-07-18 08:15:00,886.0
2019-07-18 08:30:00,1003.0
2019-07-18 08:45:00,1091.0
2019-07-18 09:00:00,1183.0
2019-07-18 09:15:00,1269.0
2019-07-18 09:30:00,1363.0
2019-07-18 09:45:00,1437.0
2019-07-18 10:00:00,1560.0
2019-07-18 10:15:00,1656.0
2019-07-18 10:30:00,1732.0
2019-07-18 10:45:00,1787.0
2019-07-18 11:00:00,1816.0
2019-07-18 11:15:00,1826.0
2019-07-18 11:30:00,1857.0
2019-07-18 11:45:00,1875.0
2019-07-18 12:00:00,1915.0
2019-07-18 12:15:00,1910.0
2019-07-18 12:30:00,1892.0
2019-07-18 12:45:00,1904.0
2019-07-18 13:00:00,1883.0
2019-07-18 13:15:00,1877.0
2019-07-18 13:30:00,1861.0
2019-07-18 13:45:00,1837.0
2019-07-18 14:00:00,1812.0
2019-07-18 14:15:00,1753.0
2019-07-18 14:30:00,1710.0
2019-07-18 14:45:00,1667.0
2019-07-18 15:00:00,1604.0
2019-07-18 15:15:00,1537.0
2019-07-18 15:30:00,1464.0
2019-07-18 15:45:00,1387.0
2019-07-18 16:00:00,1296.0
2019-07-18 16:15:00,1178.0
2019-07-18 16:30:00,1108.0
2019-07-18 16:45:00,1012.0
2019-07-18 17:00:00,883.0
2019-07-18 17:15:00,758.0
2019-07-18 17:30:00,629.0
2019-07-18 17:45:00,528.0
2019-07-18 18:00:00,424.0
2019-07-18 18:15:00,314.0
2019-07-18 18:30:00,184.0
2019-07-18 18:45:00,91.0
2019-07-18 19:00:00,41.0
2019-07-18 19:15:00,19.0
2019-07-18 19:30:00,3.0
2019-07-18 19:45:00,0.0
2019-07-18 20:00:00,0.0
2019-07-18 20:15:00,
2019-07-18 20:30:00,
2019-07-18 20:45:00,
2019-07-18 21:00:00,
2019-07-18 21:15:00,
2019-07-18 21:30:00,
2019-07-18 21:45:00,0.0
2019-07-18 22:00:00,
2019-07-18 22:15:00,
2019-07-18 22:30:00,
2019-07-18 22:45:00,
2019-07-18 23:00:00,
2019-07-18 23:15:00,
2019-07-18 23:30:00,
2019-07-18 23:45:00,
2019-07-19 00:00:00,
2019-07-19 00:15:00,
2019-07-19 00:30:00,
2019-07-19 00:45:00,
2019-07-19 01:00:00,
2019-07-19 01:15:00,
2019-07-19 01:30:00,
2019-07-19 01:45:00,
2019-07-19 02:00:00,
2019-07-19 02:15:00,
2019-07-19 02:30:00,
2019-07-19 02:45:00,
2019-07-19 03:00:00,
2019-07-19 03:15:00,
2019-07-19 03:30:00,
2019-07-19 03:45:00,
2019-07-19 04:00:00,
2019-07-19 04:15:00,
2019-07-19 04:30:00,
2019-07-19 04:45:00,
2019-07-19 05:00:00,
2019-07-19 05:15:00,0.0
2019-07-19 05:30:00,1.0
2019-07-19 05:45:00,11.0
2019-07-19 06:00:00,22.0
2019-07-19 06:15:00,52.0
2019-07-19 06:30:00,93.0
2019-07-19 06:45:00,155.0
2019-07-19 07:00:00,249.0
2019-07-19 07:15:00,416.0
2019-07-19 07:30:00,563.0
2019-07-19 07:45:00,729.0
2019-07-19 08:00:00,802.0
2019-07-19 08:15:00,902.0
2019-07-19 08:30:00,1017.0
2019-07-19 08:45:00,1078.0
2019-07-19 09:00:00,1140.0
2019-07-19 09:15:00,1254.0
2019-07-19 09:30:00,1396.0
2019-07-19 09:45:00,1563.0
2019-07-19 10:00:00,1573.0
2019-07-19 10:15:00,1620.0
2019-07-19 10:30:00,1703.0
2019-07-19 10:45:00,1762.0
2019-07-19 11:00:00,1782.0
2019-07-19 11:15:00,1817.0
2019-07-19 11:30:00,1850.0
2019-07-19 11:45:00,1864.0
2019-07-19 12:00:00,1865.0
2019-07-19 12:15:00,1827.0
2019-07-19 12:30:00,1890.0
2019-07-19 12:45:00,1877.0
2019-07-19 13:00:00,1863.0
2019-07-19 13:15:00,1828.0
2019-07-19 13:30:00,1816.0
2019-07-19 13:45:00,1788.0
2019-07-19 14:00:00,1777.0
2019-07-19 14:15:00,1774.0
2019-07-19 14:30:00,1721.0
2019-07-19 14:45:00,1707.0
2019-07-19 15:00:00,1402.0
2019-07-19 15:15:00,1346.0
2019-07-19 15:30:00,1574.0
2019-07-19 15:45:00,1543.0
2019-07-19 16:00:00,1173.0
2019-07-19 16:15:00,429.0
2019-07-19 16:30:00,454.0
2019-07-19 16:45:00,370.0
2019-07-19 17:00:00,962.0
2019-07-19 17:15:00,637.0
2019-07-19 17:30:00,616.0
2019-07-19 17:45:00,148.0
2019-07-19 18:00:00,136.0
2019-07-19 18:15:00,219.0
2019-07-19 18:30:00,209.0
2019-07-19 18:45:00,123.0
2019-07-19 19:00:00,80.0
2019-07-19 19:15:00,47.0
2019-07-19 19:30:00,13.0
2019-07-19 19:45:00,0.0
2019-07-19 20:00:00,0.0
2019-07-19 20:15:00,
2019-07-19 20:30:00,
2019-07-19 20:45:00,
2019-07-19 21:00:00,
2019-07-19 21:15:00,
2019-07-19 21:30:00,
2019-07-19 21:45:00,0.0
2019-07-19 22:00:00,
2019-07-19 22:15:00,
2019-07-19 22:30:00,
2019-07-19 22:45:00,
2019-07-19 23:00:00,
2019-07-19 23:15:00,
2019-07-19 23:30:00,
2019-07-19 23:45:00,
2019-07-20 00:00:00,
2019-07-20 00:15:00,
2019-07-20 00:30:00,
2019-07-20 00:45:00,
2019-07-20 01:00:00,
2019-07-20 01:15:00,
2019-07-20 01:30:00,
2019-07-20 01:45:00,
2019-07-20 02:00:00,
2019-07-20 02:15:00,
2019-07-20 02:30:00,
2019-07-20 02:45:00,
2019-07-20 03:00:00,
2019-07-20 03:15:00,
2019-07-20 03:30:00,
2019-07-20 03:45:00,
2019-07-20 04:00:00,
2019-07-20 04:15:00,
2019-07-20 04:30:00,
2019-07-20 04:45:00,
2019-07-20 05:00:00,
2019-07-20 05:15:00,0.0
2019-07-20 05:30:00,5.0
2019-07-20 05:45:00,22.0
2019-07-20 06:00:00,29.0
2019-07-20 06:15:00,54.0
2019-07-20 06:30:00,70.0
2019-07-20 06:45:00,147.0
2019-07-20 07:00:00,238.0
2019-07-20 07:15:00,413.0
2019-07-20 07:30:00,600.0
2019-07-20 07:45:00,583.0
2019-07-20 08:00:00,754.0
2019-07-20 08:15:00,936.0
2019-07-20 08:30:00,1046.0
2019-07-20 08:45:00,1138.0
2019-07-20 09:00:00,1232.0
2019-07-20 09:15:00,1315.0
2019-07-20 09:30:00,1417.0
2019-07-20 09:45:00,1510.0
2019-07-20 10:00:00,1584.0
2019-07-20 10:15:00,1652.0
2019-07-20 10:30:00,1725.0
2019-07-20 10:45:00,1778.0
2019-07-20 11:00:00,1798.0
2019-07-20 11:15:00,1829.0
2019-07-20 11:30:00,1855.0
2019-07-20 11:45:00,1859.0
2019-07-20 12:00:00,1885.0
2019-07-20 12:15:00,1879.0
2019-07-20 12:30:00,1877.0
2019-07-20 12:45:00,1872.0
2019-07-20 13:00:00,1880.0
2019-07-20 13:15:00,1872.0
2019-07-20 13:30:00,1841.0
2019-07-20 13:45:00,1795.0
2019-07-20 14:00:00,1762.0
2019-07-20 14:15:00,1734.0
2019-07-20 14:30:00,1673.0
2019-07-20 14:45:00,1639.0
2019-07-20 15:00:00,1590.0
2019-07-20 15:15:00,1520.0
2019-07-20 15:30:00,1464.0
2019-07-20 15:45:00,1386.0
2019-07-20 16:00:00,1294.0
2019-07-20 16:15:00,1215.0
2019-07-20 16:30:00,1119.0
2019-07-20 16:45:00,1006.0
2019-07-20 17:00:00,888.0
2019-07-20 17:15:00,766.0
2019-07-20 17:30:00,638.0
2019-07-20 17:45:00,527.0
2019-07-20 18:00:00,419.0
2019-07-20 18:15:00,309.0
2019-07-20 18:30:00,179.0
2019-07-20 18:45:00,86.0
2019-07-20 19:00:00,36.0
2019-07-20 19:15:00,16.0
2019-07-20 19:30:00,1.0
2019-07-20 19:45:00,0.0
2019-07-20 20:00:00,0.0
2019-07-20 20:15:00,
2019-07-20 20:30:00,
2019-07-20 20:45:00,
2019-07-20 21:00:00,
2019-07-20 21:15:00,
2019-07-20 21:30:00,
2019-07-20 21:45:00,0.0
2019-07-20 22:00:00,
2019-07-20 22:15:00,
2019-07-20 22:30:00,
2019-07-20 22:45:00,
2019-07-20 23:00:00,
2019-07-20 23:15:00,
2019-07-20 23:30:00,
2019-07-20 23:45:00,
2019-07-21 00:00:00,
2019-07-21 00:15:00,
2019-07-21 00:30:00,
2019-07-21 00:45:00,
2019-07-21 01:00:00,
2019-07-21 01:15:00,
2019-07-21 01:30:00,
2019-07-21 01:45:00,
2019-07-21 02:00:00,
2019-07-21 02:15:00,
2019-07-21 02:30:00,
2019-07-21 02:45:00,
2019-07-21 03:00:00,
2019-07-21 03:15:00,
2019-07-21 03:30:00,
2019-07-21 03:45:00,
2019-07-21 04:00:00,
2019-07-21 04:15:00,
2019-07-21 04:30:00,
2019-07-21 04:45:00,
2019-07-21 05:00:00,
2019-07-21 05:15:00,0.0
2019-07-21 05:30:00,0.0
2019-07-21 05:45:00,8.0
2019-07-21 06:00:00,18.0
2019-07-21 06:15:00,44.0
2019-07-21 06:30:00,85.0
2019-07-21 06:45:00,148.0
2019-07-21 07:00:00,243.0
2019-07-21 07:15:00,392.0
2019-07-21 07:30:00,568.0
2019-07-21 07:45:00,695.0
2019-07-21 08:00:00,802.0
2019-07-21 08:15:00,914.0
2019-07-21 08:30:00,1035.0
2019-07-21 08:45:00,1143.0
2019-07-21 09:00:00,1220.0
2019-07-21 09:15:00,1327.0
2019-07-21 09:30:00,1410.0
2019-07-21 09:45:00,1488.0
2019-07-21 10:00:00,1591.0
2019-07-21 10:15:00,1659.0
2019-07-21 10:30:00,1697.0
2019-07-21 10:45:00,1748.0
2019-07-21 11:00:00,1786.0
2019-07-21 11:15:00,1808.0
2019-07-21 11:30:00,1836.0
2019-07-21 11:45:00,1862.0
2019-07-21 12:00:00,1860.0
2019-07-21 12:15:00,1853.0
2019-07-21 12:30:00,1872.0
2019-07-21 12:45:00,1875.0
2019-07-21 13:00:00,1840.0
2019-07-21 13:15:00,1728.0
2019-07-21 13:30:00,1800.0
2019-07-21 13:45:00,1765.0
2019-07-21 14:00:00,1740.0
2019-07-21 14:15:00,1766.0
2019-07-21 14:30:00,1737.0
2019-07-21 14:45:00,1419.0
2019-07-21 15:00:00,1064.0
2019-07-21 15:15:00,1248.0
2019-07-21 15:30:00,1331.0
2019-07-21 15:45:00,1085.0
2019-07-21 16:00:00,681.0
2019-07-21 16:15:00,909.0
2019-07-21 16:30:00,953.0
2019-07-21 16:45:00,919.0
2019-07-21 17:00:00,572.0
2019-07-21 17:15:00,795.0
2019-07-21 17:30:00,609.0
2019-07-21 17:45:00,466.0
2019-07-21 18:00:00,380.0
2019-07-21 18:15:00,277.0
2019-07-21 18:30:00,139.0
2019-07-21 18:45:00,48.0
2019-07-21 19:00:00,44.0
2019-07-21 19:15:00,18.0
2019-07-21 19:30:00,3.0
2019-07-21 19:45:00,0.0
2019-07-21 20:00:00,0.0
2019-07-21 20:15:00,
2019-07-21 20:30:00,
2019-07-21 20:45:00,
2019-07-21 21:00:00,
2019-07-21 21:15:00,
2019-07-21 21:30:00,
2019-07-21 21:45:00,0.0
2019-07-21 22:00:00,
2019-07-21 22:15:00,
2019-07-21 22:30:00,
2019-07-21 22:45:00,
2019-07-21 23:00:00,
2019-07-21 23:15:00,
2019-07-21 23:30:00,
2019-07-21 23:45:00,
2019-07-22 00:00:00,
2019-07-22 00:15:00,
2019-07-22 00:30:00,
2019-07-22 00:45:00,
2019-07-22 01:00:00,
2019-07-22 01:15:00,
2019-07-22 01:30:00,
2019-07-22 01:45:00,
2019-07-22 02:00:00,
2019-07-22 02:15:00,
2019-07-22 02:30:00,
2019-07-22 02:45:00,
2019-07-22 03:00:00,
2019-07-22 03:15:00,
2019-07-22 03:30:00,
2019-07-22 03:45:00,
2019-07-22 04:00:00,
2019-07-22 04:15:00,
2019-07-22 04:30:00,
2019-07-22 04:45:00,
2019-07-22 05:00:00,
2019-07-22 05:15:00,0.0
2019-07-22 05:30:00,0.0
2019-07-22 05:45:00,10.0
2019-07-22 06:00:00,23.0
2019-07-22 06:15:00,52.0
2019-07-22 06:30:00,119.0
2019-07-22 06:45:00,255.0
2019-07-22 07:00:00,340.0
2019-07-22 07:15:00,363.0
2019-07-22 07:30:00,297.0
2019-07-22 07:45:00,531.0
2019-07-22 08:00:00,572.0
2019-07-22 08:15:00,654.0
2019-07-22 08:30:00,774.0
2019-07-22 08:45:00,935.0
2019-07-22 09:00:00,1000.0
2019-07-22 09:15:00,1112.0
2019-07-22 09:30:00,1254.0
2019-07-22 09:45:00,1005.0
2019-07-22 10:00:00,1502.0
2019-07-22 10:15:00,1335.0
2019-07-22 10:30:00,1585.0
2019-07-22 10:45:00,1473.0
2019-07-22 11:00:00,1412.0
2019-07-22 11:15:00,1262.0
2019-07-22 11:30:00,1646.0
2019-07-22 11:45:00,1644.0
2019-07-22 12:00:00,1928.0
2019-07-22 12:15:00,1835.0
2019-07-22 12:30:00,1836.0
2019-07-22 12:45:00,1922.0
2019-07-22 13:00:00,1392.0
2019-07-22 13:15:00,1940.0
2019-07-22 13:30:00,1701.0
2019-07-22 13:45:00,1779.0
2019-07-22 14:00:00,1138.0
2019-07-22 14:15:00,1213.0
2019-07-22 14:30:00,1539.0
2019-07-22 14:45:00,1204.0
2019-07-22 15:00:00,1024.0
2019-07-22 15:15:00,921.0
2019-07-22 15:30:00,1036.0
2019-07-22 15:45:00,1049.0
2019-07-22 16:00:00,710.0
2019-07-22 16:15:00,680.0
2019-07-22 16:30:00,522.0
2019-07-22 16:45:00,499.0
2019-07-22 17:00:00,540.0
2019-07-22 17:15:00,379.0
2019-07-22 17:30:00,340.0
2019-07-22 17:45:00,384.0
2019-07-22 18:00:00,302.0
2019-07-22 18:15:00,271.0
2019-07-22 18:30:00,129.0
2019-07-22 18:45:00,104.0
2019-07-22 19:00:00,53.0
2019-07-22 19:15:00,19.0
2019-07-22 19:30:00,1.0
2019-07-22 19:45:00,0.0
2019-07-22 20:00:00,
2019-07-22 20:15:00,
2019-07-22 20:30:00,
2019-07-22 20:45:00,
2019-07-22 21:00:00,
2019-07-22 21:15:00,
2019-07-22 21:30:00,0.0
2019-07-22 21:45:00,
2019-07-22 22:00:00,
2019-07-22 22:15:00,
2019-07-22 22:30:00,
2019-07-22 22:45:00,
2019-07-22 23:00:00,
2019-07-22 23:15:00,
2019-07-22 23:30:00,
2019-07-22 23:45:00,
2019-07-23 00:00:00,
2019-07-23 00:15:00,
2019-07-23 00:30:00,
2019-07-23 00:45:00,
2019-07-23 01:00:00,
2019-07-23 01:15:00,
2019-07-23 01:30:00,
2019-07-23 01:45:00,
2019-07-23 02:00:00,
2019-07-23 02:15:00,
2019-07-23 02:30:00,
2019-07-23 02:45:00,
2019-07-23 03:00:00,
2019-07-23 03:15:00,
2019-07-23 03:30:00,
2019-07-23 03:45:00,
2019-07-23 04:00:00,
2019-07-23 04:15:00,
2019-07-23 04:30:00,
2019-07-23 04:45:00,
2019-07-23 05:00:00,
2019-07-23 05:15:00,0.0
2019-07-23 05:30:00,5.0
2019-07-23 05:45:00,37.0
2019-07-23 06:00:00,80.0
2019-07-23 06:15:00,109.0
2019-07-23 06:30:00,122.0
2019-07-23 06:45:00,163.0
2019-07-23 07:00:00,178.0
2019-07-23 07:15:00,343.0
2019-07-23 07:30:00,549.0
2019-07-23 07:45:00,651.0
2019-07-23 08:00:00,679.0
2019-07-23 08:15:00,727.0
2019-07-23 08:30:00,889.0
2019-07-23 08:45:00,1056.0
2019-07-23 09:00:00,1200.0
2019-07-23 09:15:00,1175.0
2019-07-23 09:30:00,1278.0
2019-07-23 09:45:00,1102.0
2019-07-23 10:00:00,1525.0
2019-07-23 10:15:00,1603.0
2019-07-23 10:30:00,1678.0
2019-07-23 10:45:00,1742.0
2019-07-23 11:00:00,1787.0
2019-07-23 11:15:00,1782.0
2019-07-23 11:30:00,1799.0
2019-07-23 11:45:00,1838.0
2019-07-23 12:00:00,1875.0
2019-07-23 12:15:00,1859.0
2019-07-23 12:30:00,1865.0
2019-07-23 12:45:00,1851.0
2019-07-23 13:00:00,1945.0
2019-07-23 13:15:00,1385.0
2019-07-23 13:30:00,875.0
2019-07-23 13:45:00,923.0
2019-07-23 14:00:00,1311.0
2019-07-23 14:15:00,972.0
2019-07-23 14:30:00,455.0
2019-07-23 14:45:00,182.0
2019-07-23 15:00:00,287.0
2019-07-23 15:15:00,270.0
2019-07-23 15:30:00,377.0
2019-07-23 15:45:00,515.0
2019-07-23 16:00:00,486.0
2019-07-23 16:15:00,283.0
2019-07-23 16:30:00,198.0
2019-07-23 16:45:00,244.0
2019-07-23 17:00:00,287.0
2019-07-23 17:15:00,302.0
2019-07-23 17:30:00,220.0
2019-07-23 17:45:00,151.0
2019-07-23 18:00:00,122.0
2019-07-23 18:15:00,103.0
2019-07-23 18:30:00,63.0
2019-07-23 18:45:00,32.0
2019-07-23 19:00:00,19.0
2019-07-23 19:15:00,8.0
2019-07-23 19:30:00,0.0
2019-07-23 19:45:00,
2019-07-23 20:00:00,
2019-07-23 20:15:00,
2019-07-23 20:30:00,
2019-07-23 20:45:00,
2019-07-23 21:00:00,
2019-07-23 21:15:00,
2019-07-23 21:30:00,0.0
2019-07-23 21:45:00,
2019-07-23 22:00:00,
2019-07-23 22:15:00,
2019-07-23 22:30:00,
2019-07-23 22:45:00,
2019-07-23 23:00:00,
2019-07-23 23:15:00,
2019-07-23 23:30:00,
2019-07-23 23:45:00,
2019-07-24 00:00:00,
2019-07-24 00:15:00,
2019-07-24 00:30:00,
2019-07-24 00:45:00,
2019-07-24 01:00:00,
2019-07-24 01:15:00,
2019-07-24 01:30:00,
2019-07-24 01:45:00,
2019-07-24 02:00:00,
2019-07-24 02:15:00,
2019-07-24 02:30:00,
2019-07-24 02:45:00,
2019-07-24 03:00:00,
2019-07-24 03:15:00,
2019-07-24 03:30:00,
2019-07-24 03:45:00,
2019-07-24 04:00:00,
2019-07-24 04:15:00,
2019-07-24 04:30:00,
2019-07-24 04:45:00,
2019-07-24 05:00:00,
2019-07-24 05:15:00,0.0
2019-07-24 05:30:00,1.0
2019-07-24 05:45:00,32.0
2019-07-24 06:00:00,56.0
2019-07-24 06:15:00,62.0
2019-07-24 06:30:00,119.0
2019-07-24 06:45:00,227.0
2019-07-24 07:00:00,267.0
2019-07-24 07:15:00,327.0
2019-07-24 07:30:00,392.0
2019-07-24 07:45:00,445.0
2019-07-24 08:00:00,640.0
2019-07-24 08:15:00,817.0
2019-07-24 08:30:00,823.0
2019-07-24 08:45:00,807.0
2019-07-24 09:00:00,909.0
2019-07-24 09:15:00,1023.0
2019-07-24 09:30:00,1084.0
2019-07-24 09:45:00,1296.0
2019-07-24 10:00:00,1195.0
2019-07-24 10:15:00,1347.0
2019-07-24 10:30:00,1653.0
2019-07-24 10:45:00,1555.0
2019-07-24 11:00:00,1665.0
2019-07-24 11:15:00,1740.0
2019-07-24 11:30:00,875.0
2019-07-24 11:45:00,578.0
2019-07-24 12:00:00,631.0
2019-07-24 12:15:00,655.0
2019-07-24 12:30:00,608.0
2019-07-24 12:45:00,812.0
2019-07-24 13:00:00,939.0
2019-07-24 13:15:00,780.0
2019-07-24 13:30:00,725.0
2019-07-24 13:45:00,779.0
2019-07-24 14:00:00,567.0
2019-07-24 14:15:00,504.0
2019-07-24 14:30:00,594.0
2019-07-24 14:45:00,770.0
2019-07-24 15:00:00,622.0
2019-07-24 15:15:00,638.0
2019-07-24 15:30:00,572.0
2019-07-24 15:45:00,455.0
2019-07-24 16:00:00,382.0
2019-07-24 16:15:00,356.0
2019-07-24 16:30:00,505.0
2019-07-24 16:45:00,458.0
2019-07-24 17:00:00,391.0
2019-07-24 17:15:00,304.0
2019-07-24 17:30:00,270.0
2019-07-24 17:45:00,290.0
2019-07-24 18:00:00,240.0
2019-07-24 18:15:00,186.0
2019-07-24 18:30:00,124.0
2019-07-24 18:45:00,64.0
2019-07-24 19:00:00,29.0
2019-07-24 19:15:00,7.0
2019-07-24 19:30:00,1.0
2019-07-24 19:45:00,0.0
2019-07-24 20:00:00,
2019-07-24 20:15:00,
2019-07-24 20:30:00,
2019-07-24 20:45:00,
2019-07-24 21:00:00,
2019-07-24 21:15:00,
2019-07-24 21:30:00,0.0
2019-07-24 21:45:00,
2019-07-24 22:00:00,
2019-07-24 22:15:00,
2019-07-24 22:30:00,
2019-07-24 22:45:00,
2019-07-24 23:00:00,
2019-07-24 23:15:00,
2019-07-24 23:30:00,
2019-07-24 23:45:00,
2019-07-25 00:00:00,
2019-07-25 00:15:00,
2019-07-25 00:30:00,
2019-07-25 00:45:00,
2019-07-25 01:00:00,
2019-07-25 01:15:00,
2019-07-25 01:30:00,
2019-07-25 01:45:00,
2019-07-25 02:00:00,
2019-07-25 02:15:00,
2019-07-25 02:30:00,
2019-07-25 02:45:00,
2019-07-25 03:00:00,
2019-07-25 03:15:00,
2019-07-25 03:30:00,
2019-07-25 03:45:00,
2019-07-25 04:00:00,
2019-07-25 04:15:00,
2019-07-25 04:30:00,
2019-07-25 04:45:00,
2019-07-25 05:00:00,
2019-07-25 05:15:00,0.0
2019-07-25 05:30:00,2.0
2019-07-25 05:45:00,21.0
2019-07-25 06:00:00,48.0
2019-07-25 06:15:00,110.0
2019-07-25 06:30:00,151.0
2019-07-25 06:45:00,126.0
2019-07-25 07:00:00,181.0
2019-07-25 07:15:00,246.0
2019-07-25 07:30:00,639.0
2019-07-25 07:45:00,909.0
2019-07-25 08:00:00,867.0
2019-07-25 08:15:00,909.0
2019-07-25 08:30:00,988.0
2019-07-25 08:45:00,1078.0
2019-07-25 09:00:00,1153.0
2019-07-25 09:15:00,1249.0
2019-07-25 09:30:00,1331.0
2019-07-25 09:45:00,1407.0
2019-07-25 10:00:00,1504.0
2019-07-25 10:15:00,1588.0
2019-07-25 10:30:00,1656.0
2019-07-25 10:45:00,1716.0
2019-07-25 11:00:00,1768.0
2019-07-25 11:15:00,1828.0
2019-07-25 11:30:00,1788.0
2019-07-25 11:45:00,1913.0
2019-07-25 12:00:00,1911.0
2019-07-25 12:15:00,952.0
2019-07-25 12:30:00,1795.0
2019-07-25 12:45:00,1355.0
2019-07-25 13:00:00,1747.0
2019-07-25 13:15:00,2004.0
2019-07-25 13:30:00,1331.0
2019-07-25 13:45:00,374.0
2019-07-25 14:00:00,1578.0
2019-07-25 14:15:00,725.0
2019-07-25 14:30:00,480.0
2019-07-25 14:45:00,782.0
2019-07-25 15:00:00,1185.0
2019-07-25 15:15:00,696.0
2019-07-25 15:30:00,427.0
2019-07-25 15:45:00,378.0
2019-07-25 16:00:00,883.0
2019-07-25 16:15:00,350.0
2019-07-25 16:30:00,631.0
2019-07-25 16:45:00,528.0
2019-07-25 17:00:00,495.0
2019-07-25 17:15:00,568.0
2019-07-25 17:30:00,642.0
2019-07-25 17:45:00,385.0
2019-07-25 18:00:00,323.0
2019-07-25 18:15:00,411.0
2019-07-25 18:30:00,325.0
2019-07-25 18:45:00,165.0
2019-07-25 19:00:00,87.0
2019-07-25 19:15:00,41.0
2019-07-25 19:30:00,9.0
2019-07-25 19:45:00,0.0
2019-07-25 20:00:00,
2019-07-25 20:15:00,
2019-07-25 20:30:00,
2019-07-25 20:45:00,
2019-07-25 21:00:00,
2019-07-25 21:15:00,
2019-07-25 21:30:00,
2019-07-25 21:45:00,
2019-07-25 22:00:00,
2019-07-25 22:15:00,
2019-07-25 22:30:00,
2019-07-25 22:45:00,
2019-07-25 23:00:00,
2019-07-25 23:15:00,
2019-07-25 23:30:00,
2019-07-25 23:45:00,0.0
2019-07-26 00:00:00,
2019-07-26 00:15:00,
2019-07-26 00:30:00,
2019-07-26 00:45:00,
2019-07-26 01:00:00,
2019-07-26 01:15:00,
2019-07-26 01:30:00,
2019-07-26 01:45:00,
2019-07-26 02:00:00,
2019-07-26 02:15:00,
2019-07-26 02:30:00,
2019-07-26 02:45:00,
2019-07-26 03:00:00,
2019-07-26 03:15:00,
2019-07-26 03:30:00,
2019-07-26 03:45:00,
2019-07-26 04:00:00,
2019-07-26 04:15:00,
2019-07-26 04:30:00,
2019-07-26 04:45:00,
2019-07-26 05:00:00,
2019-07-26 05:15:00,0.0
2019-07-26 05:30:00,1.0
2019-07-26 05:45:00,32.0
2019-07-26 06:00:00,75.0
2019-07-26 06:15:00,106.0
2019-07-26 06:30:00,172.0
2019-07-26 06:45:00,221.0
2019-07-26 07:00:00,230.0
2019-07-26 07:15:00,287.0
2019-07-26 07:30:00,486.0
2019-07-26 07:45:00,622.0
2019-07-26 08:00:00,726.0
2019-07-26 08:15:00,851.0
2019-07-26 08:30:00,959.0
2019-07-26 08:45:00,1041.0
2019-07-26 09:00:00,1128.0
2019-07-26 09:15:00,1215.0
2019-07-26 09:30:00,1290.0
2019-07-26 09:45:00,1350.0
2019-07-26 10:00:00,1436.0
2019-07-26 10:15:00,1534.0
2019-07-26 10:30:00,1655.0
2019-07-26 10:45:00,1619.0
2019-07-26 11:00:00,1612.0
2019-07-26 11:15:00,1372.0
2019-07-26 11:30:00,408.0
2019-07-26 11:45:00,235.0
2019-07-26 12:00:00,75.0
2019-07-26 12:15:00,90.0
2019-07-26 12:30:00,201.0
2019-07-26 12:45:00,1808.0
2019-07-26 13:00:00,1287.0
2019-07-26 13:15:00,940.0
2019-07-26 13:30:00,1481.0
2019-07-26 13:45:00,1855.0
2019-07-26 14:00:00,1855.0
2019-07-26 14:15:00,558.0
2019-07-26 14:30:00,937.0
2019-07-26 14:45:00,1599.0
2019-07-26 15:00:00,1702.0
2019-07-26 15:15:00,1641.0
2019-07-26 15:30:00,581.0
2019-07-26 15:45:00,728.0
2019-07-26 16:00:00,160.0
2019-07-26 16:15:00,145.0
2019-07-26 16:30:00,429.0
2019-07-26 16:45:00,694.0
2019-07-26 17:00:00,389.0
2019-07-26 17:15:00,265.0
2019-07-26 17:30:00,645.0
2019-07-26 17:45:00,236.0
2019-07-26 18:00:00,155.0
2019-07-26 18:15:00,86.0
2019-07-26 18:30:00,180.0
2019-07-26 18:45:00,120.0
2019-07-26 19:00:00,74.0
2019-07-26 19:15:00,58.0
2019-07-26 19:30:00,9.0
2019-07-26 19:45:00,0.0
2019-07-26 20:00:00,
2019-07-26 20:15:00,
2019-07-26 20:30:00,
2019-07-26 20:45:00,
2019-07-26 21:00:00,
2019-07-26 21:15:00,
2019-07-26 21:30:00,0.0
2019-07-26 21:45:00,
2019-07-26 22:00:00,
2019-07-26 22:15:00,
2019-07-26 22:30:00,
2019-07-26 22:45:00,
2019-07-26 23:00:00,
2019-07-26 23:15:00,
2019-07-26 23:30:00,
2019-07-26 23:45:00,
2019-07-27 00:00:00,
2019-07-27 00:15:00,
2019-07-27 00:30:00,
2019-07-27 00:45:00,
2019-07-27 01:00:00,
2019-07-27 01:15:00,
2019-07-27 01:30:00,
2019-07-27 01:45:00,
2019-07-27 02:00:00,
2019-07-27 02:15:00,
2019-07-27 02:30:00,
2019-07-27 02:45:00,
2019-07-27 03:00:00,
2019-07-27 03:15:00,
2019-07-27 03:30:00,
2019-07-27 03:45:00,
2019-07-27 04:00:00,
2019-07-27 04:15:00,
2019-07-27 04:30:00,
2019-07-27 04:45:00,
2019-07-27 05:00:00,
2019-07-27 05:15:00,0.0
2019-07-27 05:30:00,0.0
2019-07-27 05:45:00,8.0
2019-07-27 06:00:00,24.0
2019-07-27 06:15:00,60.0
2019-07-27 06:30:00,107.0
2019-07-27 06:45:00,147.0
2019-07-27 07:00:00,211.0
2019-07-27 07:15:00,360.0
2019-07-27 07:30:00,526.0
2019-07-27 07:45:00,654.0
2019-07-27 08:00:00,757.0
2019-07-27 08:15:00,892.0
2019-07-27 08:30:00,997.0
2019-07-27 08:45:00,1084.0
2019-07-27 09:00:00,1165.0
2019-07-27 09:15:00,1257.0
2019-07-27 09:30:00,1332.0
2019-07-27 09:45:00,1393.0
2019-07-27 10:00:00,1486.0
2019-07-27 10:15:00,1601.0
2019-07-27 10:30:00,1659.0
2019-07-27 10:45:00,1729.0
2019-07-27 11:00:00,1803.0
2019-07-27 11:15:00,1487.0
2019-07-27 11:30:00,1874.0
2019-07-27 11:45:00,946.0
2019-07-27 12:00:00,1483.0
2019-07-27 12:15:00,1404.0
2019-07-27 12:30:00,1109.0
2019-07-27 12:45:00,1587.0
2019-07-27 13:00:00,1957.0
2019-07-27 13:15:00,1385.0
2019-07-27 13:30:00,1741.0
2019-07-27 13:45:00,1576.0
2019-07-27 14:00:00,1485.0
2019-07-27 14:15:00,1826.0
2019-07-27 14:30:00,1450.0
2019-07-27 14:45:00,1677.0
2019-07-27 15:00:00,1602.0
2019-07-27 15:15:00,1527.0
2019-07-27 15:30:00,1455.0
2019-07-27 15:45:00,1364.0
2019-07-27 16:00:00,1216.0
2019-07-27 16:15:00,1227.0
2019-07-27 16:30:00,1107.0
2019-07-27 16:45:00,1004.0
2019-07-27 17:00:00,876.0
2019-07-27 17:15:00,723.0
2019-07-27 17:30:00,598.0
2019-07-27 17:45:00,493.0
2019-07-27 18:00:00,385.0
2019-07-27 18:15:00,277.0
2019-07-27 18:30:00,168.0
2019-07-27 18:45:00,82.0
2019-07-27 19:00:00,35.0
2019-07-27 19:15:00,14.0
2019-07-27 19:30:00,0.0
2019-07-27 19:45:00,0.0
2019-07-27 20:00:00,
2019-07-27 20:15:00,
2019-07-27 20:30:00,
2019-07-27 20:45:00,
2019-07-27 21:00:00,
2019-07-27 21:15:00,
2019-07-27 21:30:00,0.0
2019-07-27 21:45:00,
2019-07-27 22:00:00,
2019-07-27 22:15:00,
2019-07-27 22:30:00,
2019-07-27 22:45:00,
2019-07-27 23:00:00,
2019-07-27 23:15:00,
2019-07-27 23:30:00,
2019-07-27 23:45:00,
2019-07-28 00:00:00,
2019-07-28 00:15:00,
2019-07-28 00:30:00,
2019-07-28 00:45:00,
2019-07-28 01:00:00,
2019-07-28 01:15:00,
2019-07-28 01:30:00,
2019-07-28 01:45:00,
2019-07-28 02:00:00,
2019-07-28 02:15:00,
2019-07-28 02:30:00,
2019-07-28 02:45:00,
2019-07-28 03:00:00,
2019-07-28 03:15:00,
2019-07-28 03:30:00,
2019-07-28 03:45:00,
2019-07-28 04:00:00,
2019-07-28 04:15:00,
2019-07-28 04:30:00,
2019-07-28 04:45:00,
2019-07-28 05:00:00,
2019-07-28 05:15:00,0.0
2019-07-28 05:30:00,0.0
2019-07-28 05:45:00,6.0
2019-07-28 06:00:00,18.0
2019-07-28 06:15:00,36.0
2019-07-28 06:30:00,74.0
2019-07-28 06:45:00,142.0
2019-07-28 07:00:00,227.0
2019-07-28 07:15:00,366.0
2019-07-28 07:30:00,538.0
2019-07-28 07:45:00,668.0
2019-07-28 08:00:00,775.0
2019-07-28 08:15:00,908.0
2019-07-28 08:30:00,1006.0
2019-07-28 08:45:00,1092.0
2019-07-28 09:00:00,1174.0
2019-07-28 09:15:00,1262.0
2019-07-28 09:30:00,1339.0
2019-07-28 09:45:00,1406.0
2019-07-28 10:00:00,1524.0
2019-07-28 10:15:00,1614.0
2019-07-28 10:30:00,1667.0
2019-07-28 10:45:00,1680.0
2019-07-28 11:00:00,1767.0
2019-07-28 11:15:00,1785.0
2019-07-28 11:30:00,1803.0
2019-07-28 11:45:00,1827.0
2019-07-28 12:00:00,1854.0
2019-07-28 12:15:00,1881.0
2019-07-28 12:30:00,1880.0
2019-07-28 12:45:00,1865.0
2019-07-28 13:00:00,1849.0
2019-07-28 13:15:00,1843.0
2019-07-28 13:30:00,1782.0
2019-07-28 13:45:00,1739.0
2019-07-28 14:00:00,1743.0
2019-07-28 14:15:00,1692.0
2019-07-28 14:30:00,1656.0
2019-07-28 14:45:00,1617.0
2019-07-28 15:00:00,1542.0
2019-07-28 15:15:00,1492.0
2019-07-28 15:30:00,1349.0
2019-07-28 15:45:00,1294.0
2019-07-28 16:00:00,1271.0
2019-07-28 16:15:00,1170.0
2019-07-28 16:30:00,1107.0
2019-07-28 16:45:00,995.0
2019-07-28 17:00:00,762.0
2019-07-28 17:15:00,773.0
2019-07-28 17:30:00,611.0
2019-07-28 17:45:00,504.0
2019-07-28 18:00:00,378.0
2019-07-28 18:15:00,289.0
2019-07-28 18:30:00,177.0
2019-07-28 18:45:00,83.0
2019-07-28 19:00:00,33.0
2019-07-28 19:15:00,10.0
2019-07-28 19:30:00,0.0
2019-07-28 19:45:00,0.0
2019-07-28 20:00:00,
2019-07-28 20:15:00,
2019-07-28 20:30:00,
2019-07-28 20:45:00,
2019-07-28 21:00:00,
2019-07-28 21:15:00,
2019-07-28 21:30:00,0.0
2019-07-28 21:45:00,
2019-07-28 22:00:00,
2019-07-28 22:15:00,
2019-07-28 22:30:00,
2019-07-28 22:45:00,
2019-07-28 23:00:00,
2019-07-28 23:15:00,
2019-07-28 23:30:00,
2019-07-28 23:45:00,
2019-07-29 00:00:00,
2019-07-29 00:15:00,
2019-07-29 00:30:00,
2019-07-29 00:45:00,
2019-07-29 01:00:00,
2019-07-29 01:15:00,
2019-07-29 01:30:00,
2019-07-29 01:45:00,
2019-07-29 02:00:00,
2019-07-29 02:15:00,
2019-07-29 02:30:00,
2019-07-29 02:45:00,
2019-07-29 03:00:00,
2019-07-29 03:15:00,
2019-07-29 03:30:00,
2019-07-29 03:45:00,
2019-07-29 04:00:00,
2019-07-29 04:15:00,
2019-07-29 04:30:00,
2019-07-29 04:45:00,
2019-07-29 05:00:00,
2019-07-29 05:15:00,0.0
2019-07-29 05:30:00,0.0
2019-07-29 05:45:00,12.0
2019-07-29 06:00:00,44.0
2019-07-29 06:15:00,67.0
2019-07-29 06:30:00,84.0
2019-07-29 06:45:00,111.0
2019-07-29 07:00:00,136.0
2019-07-29 07:15:00,180.0
2019-07-29 07:30:00,211.0
2019-07-29 07:45:00,263.0
2019-07-29 08:00:00,319.0
2019-07-29 08:15:00,395.0
2019-07-29 08:30:00,550.0
2019-07-29 08:45:00,650.0
2019-07-29 09:00:00,690.0
2019-07-29 09:15:00,773.0
2019-07-29 09:30:00,986.0
2019-07-29 09:45:00,1108.0
2019-07-29 10:00:00,1230.0
2019-07-29 10:15:00,1053.0
2019-07-29 10:30:00,1376.0
2019-07-29 10:45:00,1784.0
2019-07-29 11:00:00,1728.0
2019-07-29 11:15:00,1722.0
2019-07-29 11:30:00,1607.0
2019-07-29 11:45:00,1836.0
2019-07-29 12:00:00,1942.0
2019-07-29 12:15:00,1813.0
2019-07-29 12:30:00,1953.0
2019-07-29 12:45:00,1560.0
2019-07-29 13:00:00,1001.0
2019-07-29 13:15:00,1700.0
2019-07-29 13:30:00,1315.0
2019-07-29 13:45:00,1044.0
2019-07-29 14:00:00,1720.0
2019-07-29 14:15:00,1652.0
2019-07-29 14:30:00,1311.0
2019-07-29 14:45:00,1760.0
2019-07-29 15:00:00,1703.0
2019-07-29 15:15:00,1093.0
2019-07-29 15:30:00,1194.0
2019-07-29 15:45:00,790.0
2019-07-29 16:00:00,1307.0
2019-07-29 16:15:00,1240.0
2019-07-29 16:30:00,1133.0
2019-07-29 16:45:00,717.0
2019-07-29 17:00:00,884.0
2019-07-29 17:15:00,821.0
2019-07-29 17:30:00,689.0
2019-07-29 17:45:00,518.0
2019-07-29 18:00:00,272.0
2019-07-29 18:15:00,242.0
2019-07-29 18:30:00,99.0
2019-07-29 18:45:00,58.0
2019-07-29 19:00:00,32.0
2019-07-29 19:15:00,19.0
2019-07-29 19:30:00,1.0
2019-07-29 19:45:00,0.0
2019-07-29 20:00:00,
2019-07-29 20:15:00,
2019-07-29 20:30:00,
2019-07-29 20:45:00,
2019-07-29 21:00:00,
2019-07-29 21:15:00,
2019-07-29 21:30:00,0.0
2019-07-29 21:45:00,
2019-07-29 22:00:00,
2019-07-29 22:15:00,
2019-07-29 22:30:00,
2019-07-29 22:45:00,
2019-07-29 23:00:00,
2019-07-29 23:15:00,
2019-07-29 23:30:00,
2019-07-29 23:45:00,
2019-07-30 00:00:00,
2019-07-30 00:15:00,
2019-07-30 00:30:00,
2019-07-30 00:45:00,
2019-07-30 01:00:00,
2019-07-30 01:15:00,
2019-07-30 01:30:00,
2019-07-30 01:45:00,
2019-07-30 02:00:00,
2019-07-30 02:15:00,
2019-07-30 02:30:00,
2019-07-30 02:45:00,
2019-07-30 03:00:00,
2019-07-30 03:15:00,
2019-07-30 03:30:00,
2019-07-30 03:45:00,
2019-07-30 04:00:00,
2019-07-30 04:15:00,
2019-07-30 04:30:00,
2019-07-30 04:45:00,
2019-07-30 05:00:00,
2019-07-30 05:15:00,0.0
2019-07-30 05:30:00,0.0
2019-07-30 05:45:00,9.0
2019-07-30 06:00:00,35.0
2019-07-30 06:15:00,56.0
2019-07-30 06:30:00,105.0
2019-07-30 06:45:00,185.0
2019-07-30 07:00:00,278.0
2019-07-30 07:15:00,440.0
2019-07-30 07:30:00,491.0
2019-07-30 07:45:00,483.0
2019-07-30 08:00:00,915.0
2019-07-30 08:15:00,869.0
2019-07-30 08:30:00,688.0
2019-07-30 08:45:00,700.0
2019-07-30 09:00:00,526.0
2019-07-30 09:15:00,710.0
2019-07-30 09:30:00,919.0
2019-07-30 09:45:00,823.0
2019-07-30 10:00:00,1581.0
2019-07-30 10:15:00,1822.0
2019-07-30 10:30:00,1068.0
2019-07-30 10:45:00,1004.0
2019-07-30 11:00:00,953.0
2019-07-30 11:15:00,724.0
2019-07-30 11:30:00,813.0
2019-07-30 11:45:00,1246.0
2019-07-30 12:00:00,1886.0
2019-07-30 12:15:00,1416.0
2019-07-30 12:30:00,699.0
2019-07-30 12:45:00,602.0
2019-07-30 13:00:00,784.0
2019-07-30 13:15:00,624.0
2019-07-30 13:30:00,929.0
2019-07-30 13:45:00,1349.0
2019-07-30 14:00:00,640.0
2019-07-30 14:15:00,394.0
2019-07-30 14:30:00,198.0
2019-07-30 14:45:00,183.0
2019-07-30 15:00:00,102.0
2019-07-30 15:15:00,147.0
2019-07-30 15:30:00,153.0
2019-07-30 15:45:00,227.0
2019-07-30 16:00:00,187.0
2019-07-30 16:15:00,74.0
2019-07-30 16:30:00,28.0
2019-07-30 16:45:00,12.0
2019-07-30 17:00:00,11.0
2019-07-30 17:15:00,19.0
2019-07-30 17:30:00,34.0
2019-07-30 17:45:00,36.0
2019-07-30 18:00:00,37.0
2019-07-30 18:15:00,30.0
2019-07-30 18:30:00,40.0
2019-07-30 18:45:00,43.0
2019-07-30 19:00:00,8.0
2019-07-30 19:15:00,0.0
2019-07-30 19:30:00,0.0
2019-07-30 19:45:00,
2019-07-30 20:00:00,
2019-07-30 20:15:00,
2019-07-30 20:30:00,
2019-07-30 20:45:00,
2019-07-30 21:00:00,
2019-07-30 21:15:00,0.0
2019-07-30 21:30:00,
2019-07-30 21:45:00,
2019-07-30 22:00:00,
2019-07-30 22:15:00,
2019-07-30 22:30:00,
2019-07-30 22:45:00,
2019-07-30 23:00:00,
2019-07-30 23:15:00,
2019-07-30 23:30:00,
2019-07-30 23:45:00,
2019-07-31 00:00:00,
2019-07-31 00:15:00,
2019-07-31 00:30:00,
2019-07-31 00:45:00,
2019-07-31 01:00:00,
2019-07-31 01:15:00,
2019-07-31 01:30:00,
2019-07-31 01:45:00,
2019-07-31 02:00:00,
2019-07-31 02:15:00,
2019-07-31 02:30:00,
2019-07-31 02:45:00,
2019-07-31 03:00:00,
2019-07-31 03:15:00,
2019-07-31 03:30:00,
2019-07-31 03:45:00,
2019-07-31 04:00:00,
2019-07-31 04:15:00,
2019-07-31 04:30:00,
2019-07-31 04:45:00,
2019-07-31 05:00:00,
2019-07-31 05:15:00,
2019-07-31 05:30:00,0.0
2019-07-31 05:45:00,0.0
2019-07-31 06:00:00,6.0
2019-07-31 06:15:00,30.0
2019-07-31 06:30:00,41.0
2019-07-31 06:45:00,64.0
2019-07-31 07:00:00,130.0
2019-07-31 07:15:00,135.0
2019-07-31 07:30:00,124.0
2019-07-31 07:45:00,178.0
2019-07-31 08:00:00,321.0
2019-07-31 08:15:00,378.0
2019-07-31 08:30:00,469.0
2019-07-31 08:45:00,517.0
2019-07-31 09:00:00,576.0
2019-07-31 09:15:00,530.0
2019-07-31 09:30:00,443.0
2019-07-31 09:45:00,544.0
2019-07-31 10:00:00,450.0
2019-07-31 10:15:00,421.0
2019-07-31 10:30:00,307.0
2019-07-31 10:45:00,180.0
2019-07-31 11:00:00,164.0
2019-07-31 11:15:00,328.0
2019-07-31 11:30:00,458.0
2019-07-31 11:45:00,470.0
2019-07-31 12:00:00,478.0
2019-07-31 12:15:00,541.0
2019-07-31 12:30:00,601.0
2019-07-31 12:45:00,611.0
2019-07-31 13:00:00,838.0
2019-07-31 13:15:00,587.0
2019-07-31 13:30:00,588.0
2019-07-31 13:45:00,953.0
2019-07-31 14:00:00,843.0
2019-07-31 14:15:00,1279.0
2019-07-31 14:30:00,1600.0
2019-07-31 14:45:00,1323.0
2019-07-31 15:00:00,1477.0
2019-07-31 15:15:00,1438.0
2019-07-31 15:30:00,1340.0
2019-07-31 15:45:00,1423.0
2019-07-31 16:00:00,1185.0
2019-07-31 16:15:00,744.0
2019-07-31 16:30:00,1191.0
2019-07-31 16:45:00,1135.0
2019-07-31 17:00:00,926.0
2019-07-31 17:15:00,838.0
2019-07-31 17:30:00,792.0
2019-07-31 17:45:00,603.0
2019-07-31 18:00:00,352.0
2019-07-31 18:15:00,237.0
2019-07-31 18:30:00,224.0
2019-07-31 18:45:00,170.0
2019-07-31 19:00:00,111.0
2019-07-31 19:15:00,29.0
2019-07-31 19:30:00,1.0
2019-07-31 19:45:00,0.0
2019-07-31 20:00:00,
2019-07-31 20:15:00,
2019-07-31 20:30:00,
2019-07-31 20:45:00,
2019-07-31 21:00:00,
2019-07-31 21:15:00,
2019-07-31 21:30:00,0.0
2019-07-31 21:45:00,
2019-07-31 22:00:00,
2019-07-31 22:15:00,
2019-07-31 22:30:00,
2019-07-31 22:45:00,
2019-07-31 23:00:00,
2019-07-31 23:15:00,
2019-07-31 23:30:00,
2019-07-31 23:45:00,
